regional,slot,data,data_ref_corpus_2025,data_ref_pascoa_2026,data_ref_maio_2026,metrica,corpus_2025,pascoa_2026,maio_2026,atual
Reg. MG,geral,2026-06-02,2025-06-17,2026-04-01,2026-04-29,01. RASK,0.06489337417502077,0.1553547143127699,0.11744023034878469,0.08368031570432527
Reg. MG,geral,2026-06-02,2025-06-17,2026-04-01,2026-04-29,02. Yield,0.21106250636534685,0.3257661101424529,0.26905036787257597,0.23961110930587728
Reg. MG,geral,2026-06-02,2025-06-17,2026-04-01,2026-04-29,03. Grupos Realizados,118.0,117.0,102.0,122.0
Reg. MG,geral,2026-06-02,2025-06-17,2026-04-01,2026-04-29,04. Pax Total,1824.0,2765.0,2168.0,1992.0
Reg. MG,geral,2026-06-02,2025-06-17,2026-04-01,2026-04-29,05. ASK,3135685.0,3152241.0,2768671.0,3267361.0
Reg. MG,geral,2026-06-02,2025-06-17,2026-04-01,2026-04-29,06. RPK,932785.0,1443004.0,1167252.0,1077115.0
Reg. MG,geral,2026-06-02,2025-06-17,2026-04-01,2026-04-29,07. Load Factor,0.2974740766371622,0.4577708366841241,0.42159288698440517,0.32965901227320765
Reg. MG,geral,2026-06-02,2025-06-17,2026-04-01,2026-04-29,08. Ticket Médio,107.9363706140351,170.01150090415913,144.85681734317347,129.56261044176705
Reg. MG,geral,2026-06-02,2025-06-17,2026-04-01,2026-04-29,09. GMV,203485.18,489715.4999999999,325153.3600000001,273413.7999999999
Reg. MG,geral,2026-06-03,2025-06-18,2026-04-02,2026-04-30,01. RASK,0.15659680997353345,0.17248125636771447,0.19218826838524558,0.20892200252310436
Reg. MG,geral,2026-06-03,2025-06-18,2026-04-02,2026-04-30,02. Yield,0.29203568633807203,0.34040539096753614,0.3653371305062508,0.35955208080181844
Reg. MG,geral,2026-06-03,2025-06-18,2026-04-02,2026-04-30,03. Grupos Realizados,252.0,160.0,179.0,184.0
Reg. MG,geral,2026-06-03,2025-06-18,2026-04-02,2026-04-30,04. Pax Total,6760.0,3896.0,4585.0,5154.0
Reg. MG,geral,2026-06-03,2025-06-18,2026-04-02,2026-04-30,05. ASK,6584146.0,4179286.0,4633906.0,4804399.0
Reg. MG,geral,2026-06-03,2025-06-18,2026-04-02,2026-04-30,06. RPK,3442662.0,1993631.0,2333666.0,2658158.0
Reg. MG,geral,2026-06-03,2025-06-18,2026-04-02,2026-04-30,07. Load Factor,0.5228714551591049,0.47702669786178786,0.5036066765273184,0.5532758623919454
Reg. MG,geral,2026-06-03,2025-06-18,2026-04-02,2026-04-30,08. Ticket Médio,148.72487573964494,174.18961498973306,185.9487110141767,185.43776484284052
Reg. MG,geral,2026-06-03,2025-06-18,2026-04-02,2026-04-30,09. GMV,1031056.26,720848.4999999999,890582.3699999999,1003744.6599999999
Reg. MG,geral,2026-06-04,2025-06-19,2026-04-03,2026-05-01,01. RASK,0.04891724503069978,0.04253142571125021,0.05042729372864964,0.0665133865713171
Reg. MG,geral,2026-06-04,2025-06-19,2026-04-03,2026-05-01,02. Yield,0.19873693664975142,0.21389060467288737,0.2229035993573121,0.23419004284314673
Reg. MG,geral,2026-06-04,2025-06-19,2026-04-03,2026-05-01,03. Grupos Realizados,156.0,131.0,138.0,152.0
Reg. MG,geral,2026-06-04,2025-06-19,2026-04-03,2026-05-01,04. Pax Total,1896.0,1282.0,1574.0,2134.0
Reg. MG,geral,2026-06-04,2025-06-19,2026-04-03,2026-05-01,05. ASK,3930483.0,3438347.0,3559074.0,3870670.0
Reg. MG,geral,2026-06-04,2025-06-19,2026-04-03,2026-05-01,06. RPK,928552.0,667981.0,786696.0,1064581.0
Reg. MG,geral,2026-06-04,2025-06-19,2026-04-03,2026-05-01,07. Load Factor,0.2362437390010337,0.19427387637140753,0.22103951758238238,0.27503791333283384
Reg. MG,geral,2026-06-04,2025-06-19,2026-04-03,2026-05-01,08. Ticket Médio,97.32994725738396,111.44684867394699,111.40874841168994,116.82955482661669
Reg. MG,geral,2026-06-04,2025-06-19,2026-04-03,2026-05-01,09. GMV,192268.39999999997,146237.80000000002,179474.46999999997,257451.36999999994
Reg. MG,geral,2026-06-05,2025-06-20,2026-04-04,2026-05-02,01. RASK,0.032907753832533165,0.07948206558369882,0.06804232668103358,0.0393169257859723
Reg. MG,geral,2026-06-05,2025-06-20,2026-04-04,2026-05-02,02. Yield,0.18627820094183048,0.2565789987432434,0.25293047845511496,0.21041065616420151
Reg. MG,geral,2026-06-05,2025-06-20,2026-04-04,2026-05-02,03. Grupos Realizados,132.0,62.0,67.0,158.0
Reg. MG,geral,2026-06-05,2025-06-20,2026-04-04,2026-05-02,04. Pax Total,1212.0,911.0,853.0,1425.0
Reg. MG,geral,2026-06-05,2025-06-20,2026-04-04,2026-05-02,05. ASK,3451764.0,1637968.0,1787903.0,3973009.0
Reg. MG,geral,2026-06-05,2025-06-20,2026-04-04,2026-05-02,06. RPK,592888.0,491742.0,465122.0,722624.0
Reg. MG,geral,2026-06-05,2025-06-20,2026-04-04,2026-05-02,07. Load Factor,0.17176377064017123,0.3002146562081799,0.2601494600098551,0.18188330305821104
Reg. MG,geral,2026-06-05,2025-06-20,2026-04-04,2026-05-02,08. Ticket Médio,91.12385313531354,138.49689352360045,137.9173856975381,106.70020350877193
Reg. MG,geral,2026-06-05,2025-06-20,2026-04-04,2026-05-02,09. GMV,113589.80000000003,130189.07999999999,121653.07999999999,156206.49999999997
Reg. MG,geral,2026-06-06,2025-06-21,2026-04-04,2026-05-02,01. RASK,0.07498263753001937,0.0777005726530655,0.06372515514668847,0.081547847396622
Reg. MG,geral,2026-06-06,2025-06-21,2026-04-04,2026-05-02,02. Yield,0.24714528627858803,0.25678728727832634,0.26135754572513153,0.28317214722802886
Reg. MG,geral,2026-06-06,2025-06-21,2026-04-04,2026-05-02,03. Grupos Realizados,63.0,60.0,61.0,72.0
Reg. MG,geral,2026-06-06,2025-06-21,2026-04-04,2026-05-02,04. Pax Total,934.0,830.0,701.0,1007.0
Reg. MG,geral,2026-06-06,2025-06-21,2026-04-04,2026-05-02,05. ASK,1609794.0,1526928.0,1578345.0,1827299.0
Reg. MG,geral,2026-06-06,2025-06-21,2026-04-04,2026-05-02,06. RPK,476948.0,446828.0,370912.0,513299.0
Reg. MG,geral,2026-06-06,2025-06-21,2026-04-04,2026-05-02,07. Load Factor,0.2962789027664409,0.29263200360462316,0.23500058605691404,0.2809058616022884
Reg. MG,geral,2026-06-06,2025-06-21,2026-04-04,2026-05-02,08. Ticket Médio,126.20497858672377,138.24066265060242,138.2890870185449,144.34158887785503
Reg. MG,geral,2026-06-06,2025-06-21,2026-04-04,2026-05-02,09. GMV,120706.59999999999,118643.18000000002,100580.28,149012.30000000002
Reg. MG,geral,2026-06-07,2025-06-22,2026-04-05,2026-05-03,01. RASK,0.14545748403991138,0.18875917792387373,0.1630954671346006,0.18784742837328552
Reg. MG,geral,2026-06-07,2025-06-22,2026-04-05,2026-05-03,02. Yield,0.30502166954966214,0.4128121205217649,0.39165098022441497,0.39220066509886786
Reg. MG,geral,2026-06-07,2025-06-22,2026-04-05,2026-05-03,03. Grupos Realizados,262.0,168.0,186.0,214.0
Reg. MG,geral,2026-06-07,2025-06-22,2026-04-05,2026-05-03,04. Pax Total,6199.0,3783.0,3847.0,5039.0
Reg. MG,geral,2026-06-07,2025-06-22,2026-04-05,2026-05-03,05. ASK,6666473.0,4333224.0,4764205.0,5401581.0
Reg. MG,geral,2026-06-07,2025-06-22,2026-04-05,2026-05-03,06. RPK,3132737.0,1913812.0,1940423.0,2536465.0
Reg. MG,geral,2026-06-07,2025-06-22,2026-04-05,2026-05-03,07. Load Factor,0.4699242012980477,0.4416600665001394,0.40729208755710555,0.469578258661677
Reg. MG,geral,2026-06-07,2025-06-22,2026-04-05,2026-05-03,08. Ticket Médio,154.1462606872076,208.84081152524453,197.548367559137,197.42076999404642
Reg. MG,geral,2026-06-07,2025-06-22,2026-04-05,2026-05-03,09. GMV,969688.3900000002,817935.7999999999,777020.24,1014673.1000000001
Reg. MG,geral,2026-06-08,2025-06-23,2026-04-06,2026-05-04,01. RASK,0.04113370705490235,0.07131342694047889,0.06336887059606883,0.060694079101032375
Reg. MG,geral,2026-06-08,2025-06-23,2026-04-06,2026-05-04,02. Yield,0.217433884949594,0.2590996862615942,0.2482982106538526,0.24871213743959422
Reg. MG,geral,2026-06-08,2025-06-23,2026-04-06,2026-05-04,03. Grupos Realizados,156.0,130.0,128.0,144.0
Reg. MG,geral,2026-06-08,2025-06-23,2026-04-06,2026-05-04,04. Pax Total,1498.0,1751.0,1571.0,1684.0
Reg. MG,geral,2026-06-08,2025-06-23,2026-04-06,2026-05-04,05. ASK,4158711.0,3473524.0,3295039.0,3724806.0
Reg. MG,geral,2026-06-08,2025-06-23,2026-04-06,2026-05-04,06. RPK,773122.0,935174.0,827006.0,891679.0
Reg. MG,geral,2026-06-08,2025-06-23,2026-04-06,2026-05-04,07. Load Factor,0.18590423811608933,0.2692291747516355,0.2509851931949819,0.239389380279134
Reg. MG,geral,2026-06-08,2025-06-23,2026-04-06,2026-05-04,08. Ticket Médio,112.2182376502003,138.37994860079954,130.70917250159138,131.69322446555813
Reg. MG,geral,2026-06-08,2025-06-23,2026-04-06,2026-05-04,09. GMV,171063.20000000007,247708.9,208802.90000000005,226073.66999999995
Reg. MG,extra,2026-06-03,2025-06-18,2026-04-02,2026-04-30,01. RASK,0.12640653097869,0.24751630632564128,0.22277496705615238,0.2275801579267058
Reg. MG,extra,2026-06-03,2025-06-18,2026-04-02,2026-04-30,02. Yield,0.31013567256955865,0.3815217330398862,0.41307196483386427,0.37895371259187527
Reg. MG,extra,2026-06-03,2025-06-18,2026-04-02,2026-04-30,03. Grupos Realizados,83.0,20.0,41.0,45.0
Reg. MG,extra,2026-06-03,2025-06-18,2026-04-02,2026-04-30,04. Pax Total,1764.0,622.0,1114.0,1375.0
Reg. MG,extra,2026-06-03,2025-06-18,2026-04-02,2026-04-30,05. ASK,2236602.0,535835.0,1095804.0,1234750.0
Reg. MG,extra,2026-06-03,2025-06-18,2026-04-02,2026-04-30,06. RPK,894138.0,321239.0,567819.0,710474.0
Reg. MG,extra,2026-06-03,2025-06-18,2026-04-02,2026-04-30,07. Load Factor,0.39977519469266326,0.5995110435115287,0.5181756956536023,0.575399068637376
Reg. MG,extra,2026-06-03,2025-06-18,2026-04-02,2026-04-30,08. Ticket Médio,157.20186507936506,197.0412540192926,210.54767504488328,195.80855272727274
Reg. MG,extra,2026-06-03,2025-06-18,2026-04-02,2026-04-30,09. GMV,282721.10000000003,132627.9,244117.7,281004.6
Reg. MG,extra,2026-06-04,2025-06-19,2026-04-03,2026-05-01,01. RASK,0.022998653587228315,,0.13923993558776165,0.029302876480541456
Reg. MG,extra,2026-06-04,2025-06-19,2026-04-03,2026-05-01,02. Yield,0.22984596676124847,,0.20436908969338044,0.27114069690992765
Reg. MG,extra,2026-06-04,2025-06-19,2026-04-03,2026-05-01,03. Grupos Realizados,4.0,,1.0,2.0
Reg. MG,extra,2026-06-04,2025-06-19,2026-04-03,2026-05-01,04. Pax Total,23.0,,43.0,22.0
Reg. MG,extra,2026-06-04,2025-06-19,2026-04-03,2026-05-01,05. ASK,51990.0,,15525.0,59100.0
Reg. MG,extra,2026-06-04,2025-06-19,2026-04-03,2026-05-01,06. RPK,4934.0,,10469.0,6084.0
Reg. MG,extra,2026-06-04,2025-06-19,2026-04-03,2026-05-01,07. Load Factor,0.09490286593575688,,0.6743317230273752,0.10294416243654822
Reg. MG,extra,2026-06-04,2025-06-19,2026-04-03,2026-05-01,08. Ticket Médio,49.30695652173913,,49.75674418604651,74.98272727272727
Reg. MG,extra,2026-06-04,2025-06-19,2026-04-03,2026-05-01,09. GMV,1195.7,,2161.7,1731.8
Reg. MG,extra,2026-06-06,2025-06-21,2026-04-04,2026-05-02,01. RASK,0.0064425557747761425,0.0930431325780163,,0.03665852997016544
Reg. MG,extra,2026-06-06,2025-06-21,2026-04-04,2026-05-02,02. Yield,0.14173622704507513,0.26529516994633273,,0.2687611851262676
Reg. MG,extra,2026-06-06,2025-06-21,2026-04-04,2026-05-02,03. Grupos Realizados,1.0,1.0,,2.0
Reg. MG,extra,2026-06-06,2025-06-21,2026-04-04,2026-05-02,04. Pax Total,2.0,15.0,,18.0
Reg. MG,extra,2026-06-06,2025-06-21,2026-04-04,2026-05-02,05. ASK,26356.0,25155.0,,73740.0
Reg. MG,extra,2026-06-06,2025-06-21,2026-04-04,2026-05-02,06. RPK,1198.0,8385.0,,10058.0
Reg. MG,extra,2026-06-06,2025-06-21,2026-04-04,2026-05-02,07. Load Factor,0.045454545454545456,0.3333333333333333,,0.13639815568212638
Reg. MG,extra,2026-06-06,2025-06-21,2026-04-04,2026-05-02,08. Ticket Médio,84.9,148.3,,150.17777777777778
Reg. MG,extra,2026-06-06,2025-06-21,2026-04-04,2026-05-02,09. GMV,169.8,2340.5,,2703.2
Reg. MG,extra,2026-06-07,2025-06-22,2026-04-05,2026-05-03,01. RASK,0.11647716290333428,0.25674783171581755,0.19139431015154068,0.20455904233247976
Reg. MG,extra,2026-06-07,2025-06-22,2026-04-05,2026-05-03,02. Yield,0.3041577609628449,0.46403963686519784,0.4612224339478249,0.4257843313045743
Reg. MG,extra,2026-06-07,2025-06-22,2026-04-05,2026-05-03,03. Grupos Realizados,73.0,25.0,43.0,47.0
Reg. MG,extra,2026-06-07,2025-06-22,2026-04-05,2026-05-03,04. Pax Total,1410.0,681.0,936.0,1168.0
Reg. MG,extra,2026-06-07,2025-06-22,2026-04-05,2026-05-03,05. ASK,1888353.0,639561.0,1116796.0,1250789.0
Reg. MG,extra,2026-06-07,2025-06-22,2026-04-05,2026-05-03,06. RPK,719202.0,336404.0,456041.0,591166.0
Reg. MG,extra,2026-06-07,2025-06-22,2026-04-05,2026-05-03,07. Load Factor,0.3808620528047457,0.5259920476701988,0.4083476301849219,0.4726344731205663
Reg. MG,extra,2026-06-07,2025-06-22,2026-04-05,2026-05-03,08. Ticket Médio,155.1424609929078,229.2287665198238,224.71831196581192,215.5044691780822
Reg. MG,extra,2026-06-07,2025-06-22,2026-04-05,2026-05-03,09. GMV,219950.0,164205.9,213748.4,255860.2
Reg. MG,extra,2026-06-08,2025-06-23,2026-04-06,2026-05-04,01. RASK,0.0,,0.04023629489603024,0.0063401995077082525
Reg. MG,extra,2026-06-08,2025-06-23,2026-04-06,2026-05-04,02. Yield,,,0.3084782608695652,0.18440090429540318
Reg. MG,extra,2026-06-08,2025-06-23,2026-04-06,2026-05-04,03. Grupos Realizados,1.0,,1.0,2.0
Reg. MG,extra,2026-06-08,2025-06-23,2026-04-06,2026-05-04,04. Pax Total,0.0,,6.0,3.0
Reg. MG,extra,2026-06-08,2025-06-23,2026-04-06,2026-05-04,05. ASK,19800.0,,21160.0,38595.0
Reg. MG,extra,2026-06-08,2025-06-23,2026-04-06,2026-05-04,06. RPK,0.0,,2760.0,1327.0
Reg. MG,extra,2026-06-08,2025-06-23,2026-04-06,2026-05-04,07. Load Factor,0.0,,0.13043478260869565,0.034382692058556805
Reg. MG,extra,2026-06-08,2025-06-23,2026-04-06,2026-05-04,08. Ticket Médio,,,141.9,81.56666666666668
Reg. MG,extra,2026-06-08,2025-06-23,2026-04-06,2026-05-04,09. GMV,0.0,,851.4,244.70000000000002
Reg. MG,fixo,2026-06-02,2025-06-17,2026-04-01,2026-04-29,01. RASK,0.06635008583901507,0.15393862226858995,0.11753021448413566,0.08368031570432527
Reg. MG,fixo,2026-06-02,2025-06-17,2026-04-01,2026-04-29,02. Yield,0.2112943258403382,0.32577691902077127,0.2659701677558209,0.23961110930587726
Reg. MG,fixo,2026-06-02,2025-06-17,2026-04-01,2026-04-29,03. Grupos Realizados,115.0,112.0,98.0,122.0
Reg. MG,fixo,2026-06-02,2025-06-17,2026-04-01,2026-04-29,04. Pax Total,1817.0,2613.0,2110.0,1992.0
Reg. MG,fixo,2026-06-02,2025-06-17,2026-04-01,2026-04-29,05. ASK,3058050.0,2991541.0,2667843.0,3267361.0
Reg. MG,fixo,2026-06-02,2025-06-17,2026-04-01,2026-04-29,06. RPK,929001.0,1355965.0,1137427.0,1077115.0
Reg. MG,fixo,2026-06-02,2025-06-17,2026-04-01,2026-04-29,07. Load Factor,0.30378868887035854,0.45326639347413256,0.42634705265639694,0.32965901227320765
Reg. MG,fixo,2026-06-02,2025-06-17,2026-04-01,2026-04-29,08. Ticket Médio,108.03117226197028,169.05553004209722,143.37518957345972,129.56261044176705
Reg. MG,fixo,2026-06-02,2025-06-17,2026-04-01,2026-04-29,09. GMV,202901.87999999998,460513.7,313552.16,273413.79999999993
Reg. MG,fixo,2026-06-03,2025-06-18,2026-04-02,2026-04-30,01. RASK,0.18292946112619118,0.1601028356539564,0.18236692863624207,0.20246810260616663
Reg. MG,fixo,2026-06-03,2025-06-18,2026-04-02,2026-04-30,02. Yield,0.2892628427941193,0.33321221299779863,0.34955779457680375,0.35247477516886727
Reg. MG,fixo,2026-06-03,2025-06-18,2026-04-02,2026-04-30,03. Grupos Realizados,150.0,137.0,136.0,139.0
Reg. MG,fixo,2026-06-03,2025-06-18,2026-04-02,2026-04-30,04. Pax Total,4686.0,3150.0,3408.0,3779.0
Reg. MG,fixo,2026-06-03,2025-06-18,2026-04-02,2026-04-30,05. ASK,3911361.0,3596807.0,3500152.0,3569649.0
Reg. MG,fixo,2026-06-03,2025-06-18,2026-04-02,2026-04-30,06. RPK,2406583.0,1632261.0,1745207.0,1947684.0
Reg. MG,fixo,2026-06-03,2025-06-18,2026-04-02,2026-04-30,07. Load Factor,0.6152802055345953,0.4538083361158939,0.49860891755558046,0.5456233932243758
Reg. MG,fixo,2026-06-03,2025-06-18,2026-04-02,2026-04-30,08. Ticket Médio,148.55634656423388,172.66326984126982,179.00549002347424,181.66432389521037
Reg. MG,fixo,2026-06-03,2025-06-18,2026-04-02,2026-04-30,09. GMV,715503.1600000001,575859.0,638311.9699999999,722740.0599999998
Reg. MG,fixo,2026-06-04,2025-06-19,2026-04-03,2026-05-01,01. RASK,0.049673674053131174,0.0425314257112502,0.05015711983664893,0.06709035122010089
Reg. MG,fixo,2026-06-04,2025-06-19,2026-04-03,2026-05-01,02. Yield,0.20026649265407737,0.21389060467288737,0.22295104891493112,0.23397765888802707
Reg. MG,fixo,2026-06-04,2025-06-19,2026-04-03,2026-05-01,03. Grupos Realizados,131.0,131.0,136.0,150.0
Reg. MG,fixo,2026-06-04,2025-06-19,2026-04-03,2026-05-01,04. Pax Total,1616.0,1282.0,1527.0,2112.0
Reg. MG,fixo,2026-06-04,2025-06-19,2026-04-03,2026-05-01,05. ASK,3418821.0,3438347.0,3524189.0,3811570.0
Reg. MG,fixo,2026-06-04,2025-06-19,2026-04-03,2026-05-01,06. RPK,812968.0,667981.0,774467.0,1058497.0
Reg. MG,fixo,2026-06-04,2025-06-19,2026-04-03,2026-05-01,07. Load Factor,0.23779191715506603,0.19427387637140753,0.2197575101675875,0.277706299503879
Reg. MG,fixo,2026-06-04,2025-06-19,2026-04-03,2026-05-01,08. Ticket Médio,100.74891707920793,111.44684867394699,113.07677144728224,117.26545928030305
Reg. MG,fixo,2026-06-04,2025-06-19,2026-04-03,2026-05-01,09. GMV,169825.39999999997,146237.80000000002,176763.16999999995,255719.56999999995
Reg. MG,fixo,2026-06-05,2025-06-20,2026-04-04,2026-05-02,01. RASK,0.03346553177245531,0.07927055399479047,0.06804232668103358,0.039316925785972304
Reg. MG,fixo,2026-06-05,2025-06-20,2026-04-04,2026-05-02,02. Yield,0.18682479270742136,0.2564277956044911,0.25293047845511496,0.21041065616420151
Reg. MG,fixo,2026-06-05,2025-06-20,2026-04-04,2026-05-02,03. Grupos Realizados,128.0,61.0,67.0,158.0
Reg. MG,fixo,2026-06-05,2025-06-20,2026-04-04,2026-05-02,04. Pax Total,1190.0,896.0,853.0,1425.0
Reg. MG,fixo,2026-06-05,2025-06-20,2026-04-04,2026-05-02,05. ASK,3345980.0,1612813.0,1787903.0,3973009.0
Reg. MG,fixo,2026-06-05,2025-06-20,2026-04-04,2026-05-02,06. RPK,582510.0,483357.0,465122.0,722624.0
Reg. MG,fixo,2026-06-05,2025-06-20,2026-04-04,2026-05-02,07. Load Factor,0.17409249308124974,0.29969810511199996,0.2601494600098551,0.18188330305821104
Reg. MG,fixo,2026-06-05,2025-06-20,2026-04-04,2026-05-02,08. Ticket Médio,91.45152100840339,138.33277901785715,137.91738569753807,106.70020350877195
Reg. MG,fixo,2026-06-05,2025-06-20,2026-04-04,2026-05-02,09. GMV,111975.00000000001,127848.58,121653.07999999999,156206.49999999997
Reg. MG,fixo,2026-06-06,2025-06-21,2026-04-04,2026-05-02,01. RASK,0.07777959585487364,0.07744358168644662,0.06372515514668846,0.08299909850633304
Reg. MG,fixo,2026-06-06,2025-06-21,2026-04-04,2026-05-02,02. Yield,0.2482575177536796,0.2566245783374349,0.26135754572513153,0.28211967147443884
Reg. MG,fixo,2026-06-06,2025-06-21,2026-04-04,2026-05-02,03. Grupos Realizados,58.0,59.0,61.0,68.0
Reg. MG,fixo,2026-06-06,2025-06-21,2026-04-04,2026-05-02,04. Pax Total,893.0,815.0,701.0,961.0
Reg. MG,fixo,2026-06-06,2025-06-21,2026-04-04,2026-05-02,05. ASK,1491197.0,1501773.0,1578345.0,1749319.0
Reg. MG,fixo,2026-06-06,2025-06-21,2026-04-04,2026-05-02,06. RPK,455821.0,438443.0,370912.0,501757.0
Reg. MG,fixo,2026-06-06,2025-06-21,2026-04-04,2026-05-02,07. Load Factor,0.30567456881954563,0.29195024814003184,0.23500058605691404,0.28682990352245646
Reg. MG,fixo,2026-06-06,2025-06-21,2026-04-04,2026-05-02,08. Ticket Médio,126.72003359462488,138.05552147239263,138.2890870185449,147.30022892819977
Reg. MG,fixo,2026-06-06,2025-06-21,2026-04-04,2026-05-02,09. GMV,115984.70000000001,116302.68000000001,100580.28,145191.9
Reg. MG,fixo,2026-06-07,2025-06-22,2026-04-05,2026-05-03,01. RASK,0.16652961639803643,0.17698688266904697,0.15443067668035032,0.1829407903241054
Reg. MG,fixo,2026-06-07,2025-06-22,2026-04-05,2026-05-03,02. Yield,0.3089072832880632,0.40188714650870283,0.3702768087998912,0.3819341371458127
Reg. MG,fixo,2026-06-07,2025-06-22,2026-04-05,2026-05-03,03. Grupos Realizados,171.0,143.0,143.0,165.0
Reg. MG,fixo,2026-06-07,2025-06-22,2026-04-05,2026-05-03,04. Pax Total,4513.0,3102.0,2911.0,3865.0
Reg. MG,fixo,2026-06-07,2025-06-22,2026-04-05,2026-05-03,05. ASK,4308711.0,3693663.0,3647409.0,4146552.0
Reg. MG,fixo,2026-06-07,2025-06-22,2026-04-05,2026-05-03,06. RPK,2281854.0,1577408.0,1484382.0,1944981.0
Reg. MG,fixo,2026-06-07,2025-06-22,2026-04-05,2026-05-03,07. Load Factor,0.5295908683594699,0.4270579097226791,0.40696889216427334,0.46905983573822296
Reg. MG,fixo,2026-06-07,2025-06-22,2026-04-05,2026-05-03,08. Ticket Médio,156.1890804343009,204.36492585428755,188.81217107523187,192.20042432082795
Reg. MG,fixo,2026-06-07,2025-06-22,2026-04-05,2026-05-03,09. GMV,717527.9899999999,653729.8999999998,563271.84,758573.5000000001
Reg. MG,fixo,2026-06-08,2025-06-23,2026-04-06,2026-05-04,01. RASK,0.0450169420764255,0.0723010681034299,0.0635183829335171,0.061221501170377245
Reg. MG,fixo,2026-06-08,2025-06-23,2026-04-06,2026-05-04,02. Yield,0.2198438653507207,0.2582865330689919,0.2480966968599181,0.2493230315157124
Reg. MG,fixo,2026-06-08,2025-06-23,2026-04-06,2026-05-04,03. Grupos Realizados,141.0,127.0,127.0,141.0
Reg. MG,fixo,2026-06-08,2025-06-23,2026-04-06,2026-05-04,04. Pax Total,1421.0,1733.0,1565.0,1666.0
Reg. MG,fixo,2026-06-08,2025-06-23,2026-04-06,2026-05-04,05. ASK,3650379.0,3379448.0,3273879.0,3659931.0
Reg. MG,fixo,2026-06-08,2025-06-23,2026-04-06,2026-05-04,06. RPK,734174.0,925066.0,824246.0,881592.0
Reg. MG,fixo,2026-06-08,2025-06-23,2026-04-06,2026-05-04,07. Load Factor,0.2011226779465913,0.27373286998350027,0.25176434437558626,0.24087667226513287
Reg. MG,fixo,2026-06-08,2025-06-23,2026-04-06,2026-05-04,08. Ticket Médio,113.58455313159749,137.87195037507217,130.66626837060704,131.93348739495792
Reg. MG,fixo,2026-06-08,2025-06-23,2026-04-06,2026-05-04,09. GMV,164328.90000000002,244337.69999999995,207951.5,224066.46999999994
Reg. SP,geral,2026-06-02,2025-06-17,2026-04-01,2026-04-29,01. RASK,0.06247975208239466,0.1124579398351313,0.09728390705826784,0.0835696733753253
Reg. SP,geral,2026-06-02,2025-06-17,2026-04-01,2026-04-29,02. Yield,0.20794001269368367,0.2793394862426332,0.25756895275952324,0.24196034821067425
Reg. SP,geral,2026-06-02,2025-06-17,2026-04-01,2026-04-29,03. Grupos Realizados,127.0,136.0,116.0,121.0
Reg. SP,geral,2026-06-02,2025-06-17,2026-04-01,2026-04-29,04. Pax Total,1786.0,2392.0,2017.0,1735.0
Reg. SP,geral,2026-06-02,2025-06-17,2026-04-01,2026-04-29,05. ASK,3020681.0,2927057.0,2635845.0,2618755.0
Reg. SP,geral,2026-06-02,2025-06-17,2026-04-01,2026-04-29,06. RPK,880753.0,1136373.0,955473.0,862811.0
Reg. SP,geral,2026-06-02,2025-06-17,2026-04-01,2026-04-29,07. Load Factor,0.29157431718211885,0.3882305674265995,0.36249210405012433,0.32947373847496236
Reg. SP,geral,2026-06-02,2025-06-17,2026-04-01,2026-04-29,08. Ticket Médio,102.54411534154538,132.7064590301003,122.01297967278134,120.32625360230548
Reg. SP,geral,2026-06-02,2025-06-17,2026-04-01,2026-04-29,09. GMV,188731.39999999997,329170.79999999993,256425.3,218848.5
Reg. SP,geral,2026-06-03,2025-06-18,2026-04-02,2026-04-30,01. RASK,0.13441611207068263,0.15271892456713,0.16230651723520897,0.16831790935968577
Reg. SP,geral,2026-06-03,2025-06-18,2026-04-02,2026-04-30,02. Yield,0.2846287616878833,0.34561890115106775,0.33218618782709536,0.3323634434046608
Reg. SP,geral,2026-06-03,2025-06-18,2026-04-02,2026-04-30,03. Grupos Realizados,247.0,187.0,208.0,208.0
Reg. SP,geral,2026-06-03,2025-06-18,2026-04-02,2026-04-30,04. Pax Total,5247.0,3595.0,4564.0,4205.0
Reg. SP,geral,2026-06-03,2025-06-18,2026-04-02,2026-04-30,05. ASK,5497245.0,3850059.0,4465191.0,4148088.0
Reg. SP,geral,2026-06-03,2025-06-18,2026-04-02,2026-04-30,06. RPK,2514463.0,1626229.0,2093617.0,1985349.0
Reg. SP,geral,2026-06-03,2025-06-18,2026-04-02,2026-04-30,07. Load Factor,0.4574042088355167,0.42239066985726714,0.4688751276261195,0.47861785960182135
Reg. SP,geral,2026-06-03,2025-06-18,2026-04-02,2026-04-30,08. Ticket Médio,136.39955974842766,156.34366620305985,152.38182515337425,156.92209988109394
Reg. SP,geral,2026-06-03,2025-06-18,2026-04-02,2026-04-30,09. GMV,738918.2999999998,587976.8699999999,724729.6,698197.5
Reg. SP,geral,2026-06-04,2025-06-19,2026-04-03,2026-05-01,01. RASK,0.05906693732557764,0.04924990613319184,0.06699787264714639,0.07271889908690113
Reg. SP,geral,2026-06-04,2025-06-19,2026-04-03,2026-05-01,02. Yield,0.21978134798223578,0.2311357679583846,0.24228446098066717,0.24049897179921548
Reg. SP,geral,2026-06-04,2025-06-19,2026-04-03,2026-05-01,03. Grupos Realizados,197.0,189.0,187.0,198.0
Reg. SP,geral,2026-06-04,2025-06-19,2026-04-03,2026-05-01,04. Pax Total,2531.0,1983.0,2565.0,2583.0
Reg. SP,geral,2026-06-04,2025-06-19,2026-04-03,2026-05-01,05. ASK,3940507.0,3747331.0,3711185.0,3811745.0
Reg. SP,geral,2026-06-04,2025-06-19,2026-04-03,2026-05-01,06. RPK,1026334.0,774137.0,989612.0,1103870.0
Reg. SP,geral,2026-06-04,2025-06-19,2026-04-03,2026-05-01,07. Load Factor,0.2604573472398349,0.20658356574319162,0.26665660698671717,0.28959702183645547
Reg. SP,geral,2026-06-04,2025-06-19,2026-04-03,2026-05-01,08. Ticket Médio,89.12250888976689,90.23234997478568,93.47665107212477,102.77955865272939
Reg. SP,geral,2026-06-04,2025-06-19,2026-04-03,2026-05-01,09. GMV,232753.68,184555.7,248641.50000000003,277185.8999999999
Reg. SP,geral,2026-06-05,2025-06-20,2026-04-04,2026-05-02,01. RASK,0.03570663111602306,0.047832676047140414,0.05377551293570046,0.04357944993075133
Reg. SP,geral,2026-06-05,2025-06-20,2026-04-04,2026-05-02,02. Yield,0.18701745674450823,0.21907332272528884,0.2260559200977634,0.20691273247846217
Reg. SP,geral,2026-06-05,2025-06-20,2026-04-04,2026-05-02,03. Grupos Realizados,187.0,128.0,130.0,208.0
Reg. SP,geral,2026-06-05,2025-06-20,2026-04-04,2026-05-02,04. Pax Total,1728.0,1176.0,1373.0,1953.0
Reg. SP,geral,2026-06-05,2025-06-20,2026-04-04,2026-05-02,05. ASK,3785773.0,2388863.0,2390748.0,4010186.0
Reg. SP,geral,2026-06-05,2025-06-20,2026-04-04,2026-05-02,06. RPK,698813.0,510933.0,558082.0,817979.0
Reg. SP,geral,2026-06-05,2025-06-20,2026-04-04,2026-05-02,07. Load Factor,0.184589250332759,0.21388124810840972,0.23343405494849312,0.20397532683022682
Reg. SP,geral,2026-06-05,2025-06-20,2026-04-04,2026-05-02,08. Ticket Médio,75.63092013888891,95.18009353741499,91.88473415877641,86.66168458781362
Reg. SP,geral,2026-06-05,2025-06-20,2026-04-04,2026-05-02,09. GMV,135177.2,114265.71,128563.7,174761.69999999998
Reg. SP,geral,2026-06-06,2025-06-21,2026-04-04,2026-05-02,01. RASK,0.05063841523633319,0.04315073549335212,0.04925487573870629,0.06939611168240087
Reg. SP,geral,2026-06-06,2025-06-21,2026-04-04,2026-05-02,02. Yield,0.2237962268566535,0.21752012247606659,0.22424888231537193,0.25978519695275
Reg. SP,geral,2026-06-06,2025-06-21,2026-04-04,2026-05-02,03. Grupos Realizados,141.0,126.0,127.0,143.0
Reg. SP,geral,2026-06-06,2025-06-21,2026-04-04,2026-05-02,04. Pax Total,1340.0,1050.0,1234.0,1513.0
Reg. SP,geral,2026-06-06,2025-06-21,2026-04-04,2026-05-02,05. ASK,2559776.0,2343529.0,2344978.0,2424339.0
Reg. SP,geral,2026-06-06,2025-06-21,2026-04-04,2026-05-02,06. RPK,564039.0,456579.0,505733.0,633883.0
Reg. SP,geral,2026-06-06,2025-06-21,2026-04-04,2026-05-02,07. Load Factor,0.22034701473878965,0.19482541073739645,0.21566641563375008,0.2614663213354238
Reg. SP,geral,2026-06-06,2025-06-21,2026-04-04,2026-05-02,08. Ticket Médio,94.20134328358208,94.58582857142858,91.90442463533225,108.83900859220091
Reg. SP,geral,2026-06-06,2025-06-21,2026-04-04,2026-05-02,09. GMV,129623.00000000003,101125.00000000001,115501.60000000002,168239.7
Reg. SP,geral,2026-06-07,2025-06-22,2026-04-05,2026-05-03,01. RASK,0.11370342769252428,0.13895784753527937,0.12991740593453657,0.1552126382767343
Reg. SP,geral,2026-06-07,2025-06-22,2026-04-05,2026-05-03,02. Yield,0.30041324306929595,0.37058011115155803,0.33497916679495576,0.3643832239293921
Reg. SP,geral,2026-06-07,2025-06-22,2026-04-05,2026-05-03,03. Grupos Realizados,300.0,218.0,229.0,243.0
Reg. SP,geral,2026-06-07,2025-06-22,2026-04-05,2026-05-03,04. Pax Total,5230.0,3611.0,3999.0,4356.0
Reg. SP,geral,2026-06-07,2025-06-22,2026-04-05,2026-05-03,05. ASK,6278597.0,4356234.0,4684477.0,4716719.0
Reg. SP,geral,2026-06-07,2025-06-22,2026-04-05,2026-05-03,06. RPK,2343052.0,1604296.0,1786331.0,1945390.0
Reg. SP,geral,2026-06-07,2025-06-22,2026-04-05,2026-05-03,07. Load Factor,0.37318082367764643,0.36827590069771277,0.38132986884128156,0.4124456004269069
Reg. SP,geral,2026-06-07,2025-06-22,2026-04-05,2026-05-03,08. Ticket Médio,134.58582217973233,164.6414261977292,149.63332583145788,162.7335812672177
Reg. SP,geral,2026-06-07,2025-06-22,2026-04-05,2026-05-03,09. GMV,713897.9999999999,605332.9000000001,608595.1000000001,732094.4
Reg. SP,geral,2026-06-08,2025-06-23,2026-04-06,2026-05-04,01. RASK,0.04930940999069588,0.05759065139299021,0.05501995934812122,0.06203525855583955
Reg. SP,geral,2026-06-08,2025-06-23,2026-04-06,2026-05-04,02. Yield,0.22089770985494406,0.2537487002453936,0.24331757601715331,0.2527607564621356
Reg. SP,geral,2026-06-08,2025-06-23,2026-04-06,2026-05-04,03. Grupos Realizados,182.0,174.0,167.0,173.0
Reg. SP,geral,2026-06-08,2025-06-23,2026-04-06,2026-05-04,04. Pax Total,1813.0,1723.0,1648.0,1826.0
Reg. SP,geral,2026-06-08,2025-06-23,2026-04-06,2026-05-04,05. ASK,3864956.0,3466356.0,3396153.0,3428331.0
Reg. SP,geral,2026-06-08,2025-06-23,2026-04-06,2026-05-04,06. RPK,844226.0,769376.0,756474.0,823412.0
Reg. SP,geral,2026-06-08,2025-06-23,2026-04-06,2026-05-04,07. Load Factor,0.21843094720871337,0.2219552752227411,0.22274438165771684,0.24017867586297822
Reg. SP,geral,2026-06-08,2025-06-23,2026-04-06,2026-05-04,08. Ticket Médio,102.86132928847213,113.30711549622748,111.68896844660193,113.97932092004383
Reg. SP,geral,2026-06-08,2025-06-23,2026-04-06,2026-05-04,09. GMV,190578.69999999995,199629.69999999998,186856.19999999995,212677.39999999997
Reg. SP,extra,2026-06-03,2025-06-18,2026-04-02,2026-04-30,01. RASK,0.09869244877722048,0.1801171260228899,0.16018223624015504,0.13765097955448116
Reg. SP,extra,2026-06-03,2025-06-18,2026-04-02,2026-04-30,02. Yield,0.29268424823852557,0.3524829901115848,0.3407374087319327,0.3563402076371419
Reg. SP,extra,2026-06-03,2025-06-18,2026-04-02,2026-04-30,03. Grupos Realizados,62.0,12.0,28.0,23.0
Reg. SP,extra,2026-06-03,2025-06-18,2026-04-02,2026-04-30,04. Pax Total,958.0,273.0,557.0,384.0
Reg. SP,extra,2026-06-03,2025-06-18,2026-04-02,2026-04-30,05. ASK,1528812.0,280211.0,713689.0,575823.0
Reg. SP,extra,2026-06-03,2025-06-18,2026-04-02,2026-04-30,06. RPK,502420.0,132276.0,322128.0,213064.0
Reg. SP,extra,2026-06-03,2025-06-18,2026-04-02,2026-04-30,07. Load Factor,0.3286342598043448,0.4720585558739664,0.45135626302212867,0.3700164807588443
Reg. SP,extra,2026-06-03,2025-06-18,2026-04-02,2026-04-30,08. Ticket Médio,153.49730688935284,170.78769230769228,197.0575583482945,197.71684895833334
Reg. SP,extra,2026-06-03,2025-06-18,2026-04-02,2026-04-30,09. GMV,150882.2,50470.8,114320.29999999999,79262.6
Reg. SP,extra,2026-06-07,2025-06-22,2026-04-05,2026-05-03,01. RASK,0.06709864628707062,0.12127456242960553,0.09678705055701471,0.10934934687457812
Reg. SP,extra,2026-06-07,2025-06-22,2026-04-05,2026-05-03,02. Yield,0.28037245408786055,0.40056845881918424,0.28820528002386453,0.3831562277435829
Reg. SP,extra,2026-06-07,2025-06-22,2026-04-05,2026-05-03,03. Grupos Realizados,65.0,15.0,26.0,26.0
Reg. SP,extra,2026-06-07,2025-06-22,2026-04-05,2026-05-03,04. Pax Total,692.0,193.0,355.0,306.0
Reg. SP,extra,2026-06-07,2025-06-22,2026-04-05,2026-05-03,05. ASK,1533560.0,322291.0,663627.0,614813.0
Reg. SP,extra,2026-06-07,2025-06-22,2026-04-05,2026-05-03,06. RPK,364555.0,94765.0,221249.0,172703.0
Reg. SP,extra,2026-06-07,2025-06-22,2026-04-05,2026-05-03,07. Load Factor,0.23771811993009728,0.29403551448845916,0.3333936081563891,0.28090329905190686
Reg. SP,extra,2026-06-07,2025-06-22,2026-04-05,2026-05-03,08. Ticket Médio,147.70401734104044,196.68326424870463,179.62008450704226,216.24911764705882
Reg. SP,extra,2026-06-07,2025-06-22,2026-04-05,2026-05-03,09. GMV,102899.8,39085.7,64230.5,67229.4
Reg. SP,extra,2026-06-08,2025-06-23,2026-04-06,2026-05-04,01. RASK,,,,0.0066229656419529844
Reg. SP,extra,2026-06-08,2025-06-23,2026-04-06,2026-05-04,02. Yield,,,,0.27816455696202536
Reg. SP,extra,2026-06-08,2025-06-23,2026-04-06,2026-05-04,03. Grupos Realizados,,,,1.0
Reg. SP,extra,2026-06-08,2025-06-23,2026-04-06,2026-05-04,04. Pax Total,,,,1.0
Reg. SP,extra,2026-06-08,2025-06-23,2026-04-06,2026-05-04,05. ASK,,,,13272.0
Reg. SP,extra,2026-06-08,2025-06-23,2026-04-06,2026-05-04,06. RPK,,,,316.0
Reg. SP,extra,2026-06-08,2025-06-23,2026-04-06,2026-05-04,07. Load Factor,,,,0.023809523809523808
Reg. SP,extra,2026-06-08,2025-06-23,2026-04-06,2026-05-04,08. Ticket Médio,,,,87.9
Reg. SP,extra,2026-06-08,2025-06-23,2026-04-06,2026-05-04,09. GMV,,,,87.9
Reg. SP,fixo,2026-06-02,2025-06-17,2026-04-01,2026-04-29,01. RASK,0.06429731947653206,0.11212144402146736,0.09897865078409052,0.08354495281304555
Reg. SP,fixo,2026-06-02,2025-06-17,2026-04-01,2026-04-29,02. Yield,0.20829205648862337,0.2783181788066306,0.25765732142219194,0.24130923082819508
Reg. SP,fixo,2026-06-02,2025-06-17,2026-04-01,2026-04-29,03. Grupos Realizados,123.0,132.0,114.0,117.0
Reg. SP,fixo,2026-06-02,2025-06-17,2026-04-01,2026-04-29,04. Pax Total,1759.0,2380.0,2008.0,1730.0
Reg. SP,fixo,2026-06-02,2025-06-17,2026-04-01,2026-04-29,05. ASK,2902642.0,2914001.0,2581781.0,2605699.0
Reg. SP,fixo,2026-06-02,2025-06-17,2026-04-01,2026-04-29,06. RPK,869414.0,1132005.0,951714.0,861017.0
Reg. SP,fixo,2026-06-02,2025-06-17,2026-04-01,2026-04-29,07. Load Factor,0.29952505338240126,0.3884710403325188,0.3686269284652726,0.3304360941152451
Reg. SP,fixo,2026-06-02,2025-06-17,2026-04-01,2026-04-29,08. Ticket Médio,102.95169414440022,132.3771302521008,122.11956175298802,120.09904624277459
Reg. SP,fixo,2026-06-02,2025-06-17,2026-04-01,2026-04-29,09. GMV,186632.1,326722.0,255541.2,217693.00000000003
Reg. SP,fixo,2026-06-03,2025-06-18,2026-04-02,2026-04-30,01. RASK,0.15223220487998362,0.15087609541149616,0.1635597819393818,0.17275596909313276
Reg. SP,fixo,2026-06-03,2025-06-18,2026-04-02,2026-04-30,02. Yield,0.2837802004665318,0.34463870481755976,0.33092319993334085,0.32856668686193785
Reg. SP,fixo,2026-06-03,2025-06-18,2026-04-02,2026-04-30,03. Grupos Realizados,176.0,171.0,177.0,181.0
Reg. SP,fixo,2026-06-03,2025-06-18,2026-04-02,2026-04-30,04. Pax Total,4181.0,3313.0,3941.0,3804.0
Reg. SP,fixo,2026-06-03,2025-06-18,2026-04-02,2026-04-30,05. ASK,3771652.0,3550264.0,3694569.0,3559209.0
Reg. SP,fixo,2026-06-03,2025-06-18,2026-04-02,2026-04-30,06. RPK,1956137.0,1490817.0,1752199.0,1766090.0
Reg. SP,fixo,2026-06-03,2025-06-18,2026-04-02,2026-04-30,07. Load Factor,0.5186419637866908,0.4199172230572149,0.4742634391183383,0.496202948464111
Reg. SP,fixo,2026-06-03,2025-06-18,2026-04-02,2026-04-30,08. Ticket Médio,132.7703779000239,155.08398430425598,147.13100735853843,152.54425341745534
Reg. SP,fixo,2026-06-03,2025-06-18,2026-04-02,2026-04-30,09. GMV,574166.9,535649.97,604282.8999999999,614874.5999999997
Reg. SP,fixo,2026-06-04,2025-06-19,2026-04-03,2026-05-01,01. RASK,0.05995602589592081,0.04951046493858144,0.06616079430696957,0.07303158407819942
Reg. SP,fixo,2026-06-04,2025-06-19,2026-04-03,2026-05-01,02. Yield,0.2184887242640953,0.23084706613094197,0.24026324666456778,0.24049897179921548
Reg. SP,fixo,2026-06-04,2025-06-19,2026-04-03,2026-05-01,03. Grupos Realizados,179.0,185.0,183.0,194.0
Reg. SP,fixo,2026-06-04,2025-06-19,2026-04-03,2026-05-01,04. Pax Total,2383.0,1979.0,2509.0,2583.0
Reg. SP,fixo,2026-06-04,2025-06-19,2026-04-03,2026-05-01,05. ASK,3733561.0,3716792.0,3674247.0,3795425.0
Reg. SP,fixo,2026-06-04,2025-06-19,2026-04-03,2026-05-01,06. RPK,993505.0,772785.0,978284.0,1103870.0
Reg. SP,fixo,2026-06-04,2025-06-19,2026-04-03,2026-05-01,07. Load Factor,0.26610118329391164,0.2079172038682821,0.2662542828503364,0.29084226404157637
Reg. SP,fixo,2026-06-04,2025-06-19,2026-04-03,2026-05-01,08. Ticket Médio,91.09091061686948,90.14408792319354,93.6810243124751,102.77955865272938
Reg. SP,fixo,2026-06-04,2025-06-19,2026-04-03,2026-05-01,09. GMV,223849.48,184020.09999999998,243091.1,277185.89999999997
Reg. SP,fixo,2026-06-05,2025-06-20,2026-04-04,2026-05-02,01. RASK,0.035787882670350636,0.04783267604714042,0.05377551293570046,0.04378922443763741
Reg. SP,fixo,2026-06-05,2025-06-20,2026-04-04,2026-05-02,02. Yield,0.18705743743752365,0.21907332272528884,0.2260559200977634,0.20691273247846223
Reg. SP,fixo,2026-06-05,2025-06-20,2026-04-04,2026-05-02,03. Grupos Realizados,185.0,128.0,130.0,204.0
Reg. SP,fixo,2026-06-05,2025-06-20,2026-04-04,2026-05-02,04. Pax Total,1718.0,1176.0,1373.0,1953.0
Reg. SP,fixo,2026-06-05,2025-06-20,2026-04-04,2026-05-02,05. ASK,3769857.0,2388863.0,2390748.0,3990975.0
Reg. SP,fixo,2026-06-05,2025-06-20,2026-04-04,2026-05-02,06. RPK,697263.0,510933.0,558082.0,817979.0
Reg. SP,fixo,2026-06-05,2025-06-20,2026-04-04,2026-05-02,07. Load Factor,0.18495741350401354,0.21388124810840972,0.23343405494849312,0.20495718464786175
Reg. SP,fixo,2026-06-05,2025-06-20,2026-04-04,2026-05-02,08. Ticket Médio,75.91864377182773,95.18009353741498,91.8847341587764,86.66168458781362
Reg. SP,fixo,2026-06-05,2025-06-20,2026-04-04,2026-05-02,09. GMV,134915.2,114265.71,128563.69999999998,174761.69999999995
Reg. SP,fixo,2026-06-06,2025-06-21,2026-04-04,2026-05-02,01. RASK,0.05230125924532065,0.04315073549335212,0.0492548757387063,0.06919598339652772
Reg. SP,fixo,2026-06-06,2025-06-21,2026-04-04,2026-05-02,02. Yield,0.22393653876870598,0.21752012247606653,0.22424888231537188,0.2584771747999485
Reg. SP,fixo,2026-06-06,2025-06-21,2026-04-04,2026-05-02,03. Grupos Realizados,134.0,126.0,127.0,137.0
Reg. SP,fixo,2026-06-06,2025-06-21,2026-04-04,2026-05-02,04. Pax Total,1298.0,1050.0,1234.0,1447.0
Reg. SP,fixo,2026-06-06,2025-06-21,2026-04-04,2026-05-02,05. ASK,2396753.0,2343529.0,2344978.0,2399739.0
Reg. SP,fixo,2026-06-06,2025-06-21,2026-04-04,2026-05-02,06. RPK,544679.0,456579.0,505733.0,628713.0
Reg. SP,fixo,2026-06-06,2025-06-21,2026-04-04,2026-05-02,07. Load Factor,0.22725704317466172,0.19482541073739645,0.21566641563375008,0.2619922416562801
Reg. SP,fixo,2026-06-06,2025-06-21,2026-04-04,2026-05-02,08. Ticket Médio,93.97036209553157,94.58582857142858,91.90442463533225,112.30681409813407
Reg. SP,fixo,2026-06-06,2025-06-21,2026-04-04,2026-05-02,09. GMV,125353.2,101125.00000000001,115501.6,166052.30000000005
Reg. SP,fixo,2026-06-07,2025-06-22,2026-04-05,2026-05-03,01. RASK,0.13451457646624676,0.1406651415760896,0.13662251610474008,0.1623969439703264
Reg. SP,fixo,2026-06-07,2025-06-22,2026-04-05,2026-05-03,02. Yield,0.30579402351496965,0.36845640023267184,0.3418856730290327,0.3616054197117141
Reg. SP,fixo,2026-06-07,2025-06-22,2026-04-05,2026-05-03,03. Grupos Realizados,217.0,200.0,198.0,207.0
Reg. SP,fixo,2026-06-07,2025-06-22,2026-04-05,2026-05-03,04. Pax Total,4409.0,3413.0,3601.0,3988.0
Reg. SP,fixo,2026-06-07,2025-06-22,2026-04-05,2026-05-03,05. ASK,4476668.0,4018122.0,3959859.0,4060170.0
Reg. SP,fixo,2026-06-07,2025-06-22,2026-04-05,2026-05-03,06. RPK,1938765.0,1507703.0,1554034.0,1762972.0
Reg. SP,fixo,2026-06-07,2025-06-22,2026-04-05,2026-05-03,07. Load Factor,0.4330821494915415,0.37522578956039665,0.3924468017674367,0.4342113753857597
Reg. SP,fixo,2026-06-07,2025-06-22,2026-04-05,2026-05-03,08. Ticket Médio,134.4664889997732,162.76672135950778,147.5428936406554,159.85462136409228
Reg. SP,fixo,2026-06-07,2025-06-22,2026-04-05,2026-05-03,09. GMV,602177.0999999999,565209.7000000001,541005.8999999999,659359.2000000002
Reg. SP,fixo,2026-06-08,2025-06-23,2026-04-06,2026-05-04,01. RASK,0.04971474662664881,0.05769712350183592,0.05524470089377223,0.06238464956612443
Reg. SP,fixo,2026-06-08,2025-06-23,2026-04-06,2026-05-04,02. Yield,0.22149628272815428,0.2536262687343541,0.24309552112612598,0.25241252933523023
Reg. SP,fixo,2026-06-08,2025-06-23,2026-04-06,2026-05-04,03. Grupos Realizados,181.0,172.0,166.0,168.0
Reg. SP,fixo,2026-06-08,2025-06-23,2026-04-06,2026-05-04,04. Pax Total,1802.0,1722.0,1645.0,1823.0
Reg. SP,fixo,2026-06-08,2025-06-23,2026-04-06,2026-05-04,05. ASK,3803636.0,3456564.0,3370993.0,3400399.0
Reg. SP,fixo,2026-06-08,2025-06-23,2026-04-06,2026-05-04,06. RPK,835290.0,768975.0,754587.0,822390.0
Reg. SP,fixo,2026-06-08,2025-06-23,2026-04-06,2026-05-04,07. Load Factor,0.2196030324668291,0.2224680347304433,0.2238470978729413,0.24185102983502818
Reg. SP,fixo,2026-06-08,2025-06-23,2026-04-06,2026-05-04,08. Ticket Médio,102.67127081021088,113.2591521486643,111.51168389057753,113.86809654415796
Reg. SP,fixo,2026-06-08,2025-06-23,2026-04-06,2026-05-04,09. GMV,189096.79999999996,199433.80000000002,186229.5,212132.69999999995
