regional,slot,data,data_ref_julho_2025,metrica,julho_2025,atual
Reg. MG,geral,2026-07-02,2025-07-03,01. RASK,0.016806410592947275,0.01905830760495272
Reg. MG,geral,2026-07-02,2025-07-03,02. Yield,0.194406429524749,0.21778009536045004
Reg. MG,geral,2026-07-02,2025-07-03,03. Grupos Realizados,116.0,151.0
Reg. MG,geral,2026-07-02,2025-07-03,04. Pax Total,467.0,585.0
Reg. MG,geral,2026-07-02,2025-07-03,05. ASK,3131442.0,4010163.0
Reg. MG,geral,2026-07-02,2025-07-03,06. RPK,258495.0,337037.0
Reg. MG,geral,2026-07-02,2025-07-03,07. Load Factor,0.08254823177309367,0.08404571086013211
Reg. MG,geral,2026-07-02,2025-07-03,08. Ticket Médio,107.60832976445397,125.47000000000001
Reg. MG,geral,2026-07-02,2025-07-03,09. GMV,52628.3,76426.92
Reg. MG,geral,2026-07-03,2025-07-04,01. RASK,0.018325813584532846,0.016563451809968117
Reg. MG,geral,2026-07-03,2025-07-04,02. Yield,0.21709788591121854,0.2189105368284242
Reg. MG,geral,2026-07-03,2025-07-04,03. Grupos Realizados,141.0,171.0
Reg. MG,geral,2026-07-03,2025-07-04,04. Pax Total,563.0,578.0
Reg. MG,geral,2026-07-03,2025-07-04,05. ASK,3633765.0,4418227.0
Reg. MG,geral,2026-07-03,2025-07-04,06. RPK,291615.0,323921.0
Reg. MG,geral,2026-07-03,2025-07-04,07. Load Factor,0.08025147471011472,0.07331470293400498
Reg. MG,geral,2026-07-03,2025-07-04,08. Ticket Médio,112.449378330373,122.68117647058824
Reg. MG,geral,2026-07-03,2025-07-04,09. GMV,66591.7,73181.09
Reg. MG,geral,2026-07-04,2025-07-05,01. RASK,0.013976061357923916,0.012569046543409023
Reg. MG,geral,2026-07-04,2025-07-05,02. Yield,0.20852164889017005,0.21309033600862484
Reg. MG,geral,2026-07-04,2025-07-05,03. Grupos Realizados,54.0,89.0
Reg. MG,geral,2026-07-04,2025-07-05,04. Pax Total,167.0,240.0
Reg. MG,geral,2026-07-04,2025-07-05,05. ASK,1361063.0,2304279.0
Reg. MG,geral,2026-07-04,2025-07-05,06. RPK,86725.0,133568.0
Reg. MG,geral,2026-07-04,2025-07-05,07. Load Factor,0.0637185787873155,0.05796520299842163
Reg. MG,geral,2026-07-04,2025-07-05,08. Ticket Médio,108.28766467065869,118.59187500000002
Reg. MG,geral,2026-07-04,2025-07-05,09. GMV,19022.3,28962.589999999997
Reg. MG,geral,2026-07-05,2025-07-06,01. RASK,0.018500098890243555,0.021450329295926364
Reg. MG,geral,2026-07-05,2025-07-06,02. Yield,0.24632760676685425,0.24799720872695746
Reg. MG,geral,2026-07-05,2025-07-06,03. Grupos Realizados,142.0,176.0
Reg. MG,geral,2026-07-05,2025-07-06,04. Pax Total,534.0,685.0
Reg. MG,geral,2026-07-05,2025-07-06,05. ASK,3751634.0,4491249.0
Reg. MG,geral,2026-07-05,2025-07-06,06. RPK,274219.0,378322.0
Reg. MG,geral,2026-07-05,2025-07-06,07. Load Factor,0.07309321751535464,0.0842353652625361
Reg. MG,geral,2026-07-05,2025-07-06,08. Ticket Médio,126.49383895131085,136.96759124087592
Reg. MG,geral,2026-07-05,2025-07-06,09. GMV,69405.59999999999,96338.77
Reg. MG,geral,2026-07-06,2025-07-07,01. RASK,0.008621757437866858,0.012050937329597803
Reg. MG,geral,2026-07-06,2025-07-07,02. Yield,0.20995813779447764,0.19628487454699936
Reg. MG,geral,2026-07-06,2025-07-07,03. Grupos Realizados,119.0,149.0
Reg. MG,geral,2026-07-06,2025-07-07,04. Pax Total,235.0,405.0
Reg. MG,geral,2026-07-06,2025-07-07,05. ASK,3197086.0,3935542.0
Reg. MG,geral,2026-07-06,2025-07-07,06. RPK,128278.0,230684.0
Reg. MG,geral,2026-07-06,2025-07-07,07. Load Factor,0.040123412382400726,0.05861556044885304
Reg. MG,geral,2026-07-06,2025-07-07,08. Ticket Médio,114.60855319148935,111.80192592592594
Reg. MG,geral,2026-07-06,2025-07-07,09. GMV,27564.5,47426.97
Reg. MG,geral,2026-07-07,2025-07-08,01. RASK,0.00970476377639817,0.011907783966662543
Reg. MG,geral,2026-07-07,2025-07-08,02. Yield,0.18060564195433412,0.20532807167735806
Reg. MG,geral,2026-07-07,2025-07-08,03. Grupos Realizados,76.0,111.0
Reg. MG,geral,2026-07-07,2025-07-08,04. Pax Total,188.0,285.0
Reg. MG,geral,2026-07-07,2025-07-08,05. ASK,2050663.0,3029625.0
Reg. MG,geral,2026-07-07,2025-07-08,06. RPK,107126.0,170542.0
Reg. MG,geral,2026-07-07,2025-07-08,07. Load Factor,0.05223969028553205,0.056291455213103934
Reg. MG,geral,2026-07-07,2025-07-08,08. Ticket Médio,102.91255319148937,122.86687719298247
Reg. MG,geral,2026-07-07,2025-07-08,09. GMV,19901.2,36076.119999999995
Reg. MG,geral,2026-07-08,2025-07-09,01. RASK,0.012813053177894562,0.017307038832183756
Reg. MG,geral,2026-07-08,2025-07-09,02. Yield,0.19817000054135991,0.20711889126077532
Reg. MG,geral,2026-07-08,2025-07-09,03. Grupos Realizados,83.0,112.0
Reg. MG,geral,2026-07-08,2025-07-09,04. Pax Total,253.0,410.0
Reg. MG,geral,2026-07-08,2025-07-09,05. ASK,2348363.0,3069387.0
Reg. MG,geral,2026-07-08,2025-07-09,06. RPK,147776.0,245468.0
Reg. MG,geral,2026-07-08,2025-07-09,07. Load Factor,0.06292723910230233,0.07997297180186141
Reg. MG,geral,2026-07-08,2025-07-09,08. Ticket Médio,115.7500790513834,124.00258536585368
Reg. MG,geral,2026-07-08,2025-07-09,09. GMV,30089.7,53122.00000000001
Reg. MG,geral,2026-07-09,2025-07-10,01. RASK,0.013190372365859257,0.014843193726361082
Reg. MG,geral,2026-07-09,2025-07-10,02. Yield,0.2075661825991471,0.211510366523384
Reg. MG,geral,2026-07-09,2025-07-10,03. Grupos Realizados,134.0,163.0
Reg. MG,geral,2026-07-09,2025-07-10,04. Pax Total,401.0,531.0
Reg. MG,geral,2026-07-09,2025-07-10,05. ASK,3668274.0,4322850.0
Reg. MG,geral,2026-07-09,2025-07-10,06. RPK,226759.0,294988.0
Reg. MG,geral,2026-07-09,2025-07-10,07. Load Factor,0.06181626563337417,0.06823924031599524
Reg. MG,geral,2026-07-09,2025-07-10,08. Ticket Médio,117.37531172069828,117.50097928436912
Reg. MG,geral,2026-07-09,2025-07-10,09. GMV,48385.9,64164.899999999994
Reg. MG,geral,2026-07-10,2025-07-11,01. RASK,0.016221882175977934,0.01800707938559494
Reg. MG,geral,2026-07-10,2025-07-11,02. Yield,0.238478537312755,0.23456077940499165
Reg. MG,geral,2026-07-10,2025-07-11,03. Grupos Realizados,154.0,185.0
Reg. MG,geral,2026-07-10,2025-07-11,04. Pax Total,477.0,624.0
Reg. MG,geral,2026-07-10,2025-07-11,05. ASK,3996842.0,4784596.0
Reg. MG,geral,2026-07-10,2025-07-11,06. RPK,264226.0,353911.0
Reg. MG,geral,2026-07-10,2025-07-11,07. Load Factor,0.06610869281297585,0.07396883665830929
Reg. MG,geral,2026-07-10,2025-07-11,08. Ticket Médio,132.10111111111112,133.0346794871795
Reg. MG,geral,2026-07-10,2025-07-11,09. GMV,64836.29999999999,86156.6
Reg. MG,geral,2026-07-11,2025-07-12,01. RASK,0.020690031485228376,0.012759222600985347
Reg. MG,geral,2026-07-11,2025-07-12,02. Yield,0.23159111524595885,0.21332373709940253
Reg. MG,geral,2026-07-11,2025-07-12,03. Grupos Realizados,58.0,100.0
Reg. MG,geral,2026-07-11,2025-07-12,04. Pax Total,251.0,268.0
Reg. MG,geral,2026-07-11,2025-07-12,05. ASK,1475295.0,2529872.0
Reg. MG,geral,2026-07-11,2025-07-12,06. RPK,128985.0,147280.0
Reg. MG,geral,2026-07-11,2025-07-12,07. Load Factor,0.08742997163279209,0.058216384070024094
Reg. MG,geral,2026-07-11,2025-07-12,08. Ticket Médio,119.01107569721115,117.23253731343283
Reg. MG,geral,2026-07-11,2025-07-12,09. GMV,30523.899999999998,32279.199999999997
Reg. MG,geral,2026-07-12,2025-07-13,01. RASK,0.015273310724023761,0.017847070128668582
Reg. MG,geral,2026-07-12,2025-07-13,02. Yield,0.256745871841867,0.27559553097187783
Reg. MG,geral,2026-07-12,2025-07-13,03. Grupos Realizados,152.0,190.0
Reg. MG,geral,2026-07-12,2025-07-13,04. Pax Total,417.0,565.0
Reg. MG,geral,2026-07-12,2025-07-13,05. ASK,3974469.0,4868166.0
Reg. MG,geral,2026-07-12,2025-07-13,06. RPK,230793.0,309329.0
Reg. MG,geral,2026-07-12,2025-07-13,07. Load Factor,0.05806888920255762,0.06354117751941901
Reg. MG,geral,2026-07-12,2025-07-13,08. Ticket Médio,142.09868105515588,150.884407079646
Reg. MG,geral,2026-07-12,2025-07-13,09. GMV,60703.30000000001,86882.5
Reg. MG,geral,2026-07-13,2025-07-14,01. RASK,0.012506091294031688,0.012439289178595967
Reg. MG,geral,2026-07-13,2025-07-14,02. Yield,0.21019773596401042,0.20559334922078332
Reg. MG,geral,2026-07-13,2025-07-14,03. Grupos Realizados,121.0,165.0
Reg. MG,geral,2026-07-13,2025-07-14,04. Pax Total,327.0,444.0
Reg. MG,geral,2026-07-13,2025-07-14,05. ASK,3197186.0,4332959.0
Reg. MG,geral,2026-07-13,2025-07-14,06. RPK,183831.0,255128.0
Reg. MG,geral,2026-07-13,2025-07-14,07. Load Factor,0.05749774958354002,0.05888077870111395
Reg. MG,geral,2026-07-13,2025-07-14,08. Ticket Médio,118.16776758409786,118.13653153153152
Reg. MG,geral,2026-07-13,2025-07-14,09. GMV,39984.3,53898.93000000001
Reg. MG,geral,2026-07-14,2025-07-15,01. RASK,0.01255650824699996,0.014290697863901936
Reg. MG,geral,2026-07-14,2025-07-15,02. Yield,0.2163691167649895,0.2160937522910221
Reg. MG,geral,2026-07-14,2025-07-15,03. Grupos Realizados,86.0,120.0
Reg. MG,geral,2026-07-14,2025-07-15,04. Pax Total,234.0,357.0
Reg. MG,geral,2026-07-14,2025-07-15,05. ASK,2348551.0,3191052.0
Reg. MG,geral,2026-07-14,2025-07-15,06. RPK,131709.0,204603.0
Reg. MG,geral,2026-07-14,2025-07-15,07. Load Factor,0.0560809622614114,0.06411772669326604
Reg. MG,geral,2026-07-14,2025-07-15,08. Ticket Médio,121.78529914529913,123.84714285714284
Reg. MG,geral,2026-07-14,2025-07-15,09. GMV,29489.6,45602.36
Reg. MG,geral,2026-07-15,2025-07-16,01. RASK,0.017594140227448363,0.017756642970529368
Reg. MG,geral,2026-07-15,2025-07-16,02. Yield,0.21731393847565594,0.21652937050199397
Reg. MG,geral,2026-07-15,2025-07-16,03. Grupos Realizados,87.0,121.0
Reg. MG,geral,2026-07-15,2025-07-16,04. Pax Total,329.0,439.0
Reg. MG,geral,2026-07-15,2025-07-16,05. ASK,2368010.0,3260025.0
Reg. MG,geral,2026-07-15,2025-07-16,06. RPK,187438.0,258031.0
Reg. MG,geral,2026-07-15,2025-07-16,07. Load Factor,0.07915422654465142,0.07915000651835492
Reg. MG,geral,2026-07-15,2025-07-16,08. Ticket Médio,123.80817629179332,127.26945330296128
Reg. MG,geral,2026-07-15,2025-07-16,09. GMV,41663.1,57887.100000000006
Reg. MG,geral,2026-07-16,2025-07-17,01. RASK,0.016345390567018586,0.02333855301024291
Reg. MG,geral,2026-07-16,2025-07-17,02. Yield,0.2199751253494947,0.24199186991869914
Reg. MG,geral,2026-07-16,2025-07-17,03. Grupos Realizados,136.0,171.0
Reg. MG,geral,2026-07-16,2025-07-17,04. Pax Total,445.0,748.0
Reg. MG,geral,2026-07-16,2025-07-17,05. ASK,3562564.0,4532209.0
Reg. MG,geral,2026-07-16,2025-07-17,06. RPK,256084.0,421398.0
Reg. MG,geral,2026-07-16,2025-07-17,07. Load Factor,0.07188193671748774,0.09297850121210209
Reg. MG,geral,2026-07-16,2025-07-17,08. Ticket Médio,126.58901123595506,136.33006684491977
Reg. MG,geral,2026-07-16,2025-07-17,09. GMV,58231.5,105775.20000000001
Reg. MG,geral,2026-07-17,2025-07-18,01. RASK,0.0237648982449679,0.028536957828449717
Reg. MG,geral,2026-07-17,2025-07-18,02. Yield,0.23768238934609573,0.24373736084158917
Reg. MG,geral,2026-07-17,2025-07-18,03. Grupos Realizados,151.0,189.0
Reg. MG,geral,2026-07-17,2025-07-18,04. Pax Total,678.0,976.0
Reg. MG,geral,2026-07-17,2025-07-18,05. ASK,3953318.0,4881158.0
Reg. MG,geral,2026-07-17,2025-07-18,06. RPK,377777.0,548296.0
Reg. MG,geral,2026-07-17,2025-07-18,07. Load Factor,0.09555947687486815,0.11232908256606322
Reg. MG,geral,2026-07-17,2025-07-18,08. Ticket Médio,132.43501474926256,136.92645491803276
Reg. MG,geral,2026-07-17,2025-07-18,09. GMV,93950.20000000003,139293.4
Reg. MG,geral,2026-07-18,2025-07-19,01. RASK,0.020908549260529347,0.021405446013175063
Reg. MG,geral,2026-07-18,2025-07-19,02. Yield,0.20884167419370175,0.218264900229517
Reg. MG,geral,2026-07-18,2025-07-19,03. Grupos Realizados,60.0,102.0
Reg. MG,geral,2026-07-18,2025-07-19,04. Pax Total,268.0,419.0
Reg. MG,geral,2026-07-18,2025-07-19,05. ASK,1510540.0,2579722.0
Reg. MG,geral,2026-07-18,2025-07-19,06. RPK,147247.0,244862.0
Reg. MG,geral,2026-07-18,2025-07-19,07. Load Factor,0.09747970924305216,0.09491797953422888
Reg. MG,geral,2026-07-18,2025-07-19,08. Ticket Médio,114.74369402985074,127.55317422434368
Reg. MG,geral,2026-07-18,2025-07-19,09. GMV,31583.2,55220.1
Reg. MG,geral,2026-07-19,2025-07-20,01. RASK,0.02221238714593039,0.02648896603075723
Reg. MG,geral,2026-07-19,2025-07-20,02. Yield,0.27817614805626817,0.2787914226113749
Reg. MG,geral,2026-07-19,2025-07-20,03. Grupos Realizados,143.0,192.0
Reg. MG,geral,2026-07-19,2025-07-20,04. Pax Total,509.0,808.0
Reg. MG,geral,2026-07-19,2025-07-20,05. ASK,3643422.0,4892573.0
Reg. MG,geral,2026-07-19,2025-07-20,06. RPK,283784.0,449181.0
Reg. MG,geral,2026-07-19,2025-07-20,07. Load Factor,0.07788941275537119,0.0918087476671273
Reg. MG,geral,2026-07-19,2025-07-20,08. Ticket Médio,155.09222003929273,154.98491336633666
Reg. MG,geral,2026-07-19,2025-07-20,09. GMV,80929.09999999999,129599.2
Reg. MG,geral,2026-07-20,2025-07-21,01. RASK,0.013224764694085572,0.01645261031098225
Reg. MG,geral,2026-07-20,2025-07-21,02. Yield,0.22848073409027908,0.2274047914415676
Reg. MG,geral,2026-07-20,2025-07-21,03. Grupos Realizados,120.0,164.0
Reg. MG,geral,2026-07-20,2025-07-21,04. Pax Total,302.0,512.0
Reg. MG,geral,2026-07-20,2025-07-21,05. ASK,3136449.0,4283685.0
Reg. MG,geral,2026-07-20,2025-07-21,06. RPK,176763.0,299868.0
Reg. MG,geral,2026-07-20,2025-07-21,07. Load Factor,0.05635768348218001,0.0700023461108835
Reg. MG,geral,2026-07-20,2025-07-21,08. Ticket Médio,133.73158940397352,133.18636718750003
Reg. MG,geral,2026-07-20,2025-07-21,09. GMV,41478.799999999996,70477.8
Reg. MG,geral,2026-07-21,2025-07-22,01. RASK,0.016648558528308273,0.01999146138574434
Reg. MG,geral,2026-07-21,2025-07-22,02. Yield,0.22258840395030263,0.24736631566327655
Reg. MG,geral,2026-07-21,2025-07-22,03. Grupos Realizados,85.0,119.0
Reg. MG,geral,2026-07-21,2025-07-22,04. Pax Total,319.0,428.0
Reg. MG,geral,2026-07-21,2025-07-22,05. ASK,2400394.0,3133998.0
Reg. MG,geral,2026-07-21,2025-07-22,06. RPK,175784.0,250235.0
Reg. MG,geral,2026-07-21,2025-07-22,07. Load Factor,0.07323131119307913,0.07984529664664751
Reg. MG,geral,2026-07-21,2025-07-22,08. Ticket Médio,122.65667711598745,144.62549065420563
Reg. MG,geral,2026-07-21,2025-07-22,09. GMV,39963.1,62653.200000000004
Reg. MG,geral,2026-07-22,2025-07-23,01. RASK,0.01740495198122475,0.019692405001642158
Reg. MG,geral,2026-07-22,2025-07-23,02. Yield,0.20940751773817903,0.23883266198330833
Reg. MG,geral,2026-07-22,2025-07-23,03. Grupos Realizados,84.0,120.0
Reg. MG,geral,2026-07-22,2025-07-23,04. Pax Total,325.0,441.0
Reg. MG,geral,2026-07-22,2025-07-23,05. ASK,2359702.0,3203108.0
Reg. MG,geral,2026-07-22,2025-07-23,06. RPK,184630.0,258931.0
Reg. MG,geral,2026-07-22,2025-07-23,07. Load Factor,0.07824293067514457,0.08083742415179257
Reg. MG,geral,2026-07-22,2025-07-23,08. Ticket Médio,118.96279999999999,140.22943310657595
Reg. MG,geral,2026-07-22,2025-07-23,09. GMV,41070.5,63076.9
Reg. MG,geral,2026-07-23,2025-07-24,01. RASK,0.014848791305667831,0.018953423636454126
Reg. MG,geral,2026-07-23,2025-07-24,02. Yield,0.21144944515095027,0.22644886897177416
Reg. MG,geral,2026-07-23,2025-07-24,03. Grupos Realizados,122.0,164.0
Reg. MG,geral,2026-07-23,2025-07-24,04. Pax Total,408.0,612.0
Reg. MG,geral,2026-07-23,2025-07-24,05. ASK,3353081.0,4319895.0
Reg. MG,geral,2026-07-23,2025-07-24,06. RPK,229612.0,346101.0
Reg. MG,geral,2026-07-23,2025-07-24,07. Load Factor,0.06847791628057896,0.08011791953276642
Reg. MG,geral,2026-07-23,2025-07-24,08. Ticket Médio,118.99835784313724,128.06238562091505
Reg. MG,geral,2026-07-23,2025-07-24,09. GMV,49789.200000000004,81876.79999999999
Reg. MG,geral,2026-07-24,2025-07-25,01. RASK,0.013831888916953167,0.018818367156638354
Reg. MG,geral,2026-07-24,2025-07-25,02. Yield,0.2264470305340048,0.2320387680644651
Reg. MG,geral,2026-07-24,2025-07-25,03. Grupos Realizados,138.0,184.0
Reg. MG,geral,2026-07-24,2025-07-25,04. Pax Total,385.0,649.0
Reg. MG,geral,2026-07-24,2025-07-25,05. ASK,3729534.0,4718640.0
Reg. MG,geral,2026-07-24,2025-07-25,06. RPK,220410.0,373039.0
Reg. MG,geral,2026-07-24,2025-07-25,07. Load Factor,0.05909853617100689,0.0790564654222403
Reg. MG,geral,2026-07-24,2025-07-25,08. Ticket Médio,129.63945454545456,133.37366718027735
Reg. MG,geral,2026-07-24,2025-07-25,09. GMV,51586.50000000001,88797.1
Reg. MG,geral,2026-07-25,2025-07-26,01. RASK,0.023587985686942436,0.015734994978010515
Reg. MG,geral,2026-07-25,2025-07-26,02. Yield,0.24019484720793655,0.2398432301461015
Reg. MG,geral,2026-07-25,2025-07-26,03. Grupos Realizados,46.0,102.0
Reg. MG,geral,2026-07-25,2025-07-26,04. Pax Total,221.0,298.0
Reg. MG,geral,2026-07-25,2025-07-26,05. ASK,1257034.0,2563725.0
Reg. MG,geral,2026-07-25,2025-07-26,06. RPK,120556.0,165912.0
Reg. MG,geral,2026-07-25,2025-07-26,07. Load Factor,0.09590512269357869,0.06471520931457157
Reg. MG,geral,2026-07-25,2025-07-26,08. Ticket Médio,131.0268325791855,133.53312080536912
Reg. MG,geral,2026-07-25,2025-07-26,09. GMV,29650.9,40340.200000000004
Reg. MG,geral,2026-07-26,2025-07-27,01. RASK,0.018234768994409317,0.023252975781354806
Reg. MG,geral,2026-07-26,2025-07-27,02. Yield,0.26609720205322546,0.2856908853044468
Reg. MG,geral,2026-07-26,2025-07-27,03. Grupos Realizados,143.0,190.0
Reg. MG,geral,2026-07-26,2025-07-27,04. Pax Total,464.0,705.0
Reg. MG,geral,2026-07-26,2025-07-27,05. ASK,3822072.0,4830328.0
Reg. MG,geral,2026-07-26,2025-07-27,06. RPK,257546.0,387539.0
Reg. MG,geral,2026-07-26,2025-07-27,07. Load Factor,0.06738386927300166,0.08023036944903121
Reg. MG,geral,2026-07-26,2025-07-27,08. Ticket Médio,147.6988577586207,157.04448226950353
Reg. MG,geral,2026-07-26,2025-07-27,09. GMV,69694.6,112319.5
Reg. MG,geral,2026-07-27,2025-07-28,01. RASK,0.010959483105239334,0.014515521770026038
Reg. MG,geral,2026-07-27,2025-07-28,02. Yield,0.22451679828670856,0.2317702020583657
Reg. MG,geral,2026-07-27,2025-07-28,03. Grupos Realizados,127.0,163.0
Reg. MG,geral,2026-07-27,2025-07-28,04. Pax Total,295.0,444.0
Reg. MG,geral,2026-07-27,2025-07-28,05. ASK,3399841.0,4268231.0
Reg. MG,geral,2026-07-27,2025-07-28,06. RPK,164362.0,264676.0
Reg. MG,geral,2026-07-27,2025-07-28,07. Load Factor,0.04834402550001603,0.06201070185751427
Reg. MG,geral,2026-07-27,2025-07-28,08. Ticket Médio,125.09162711864407,138.1621846846847
Reg. MG,geral,2026-07-27,2025-07-28,09. GMV,37260.5,61955.59999999999
Reg. MG,geral,2026-07-28,2025-07-29,01. RASK,0.010124029920808618,0.008067092018390674
Reg. MG,geral,2026-07-28,2025-07-29,02. Yield,0.21416357801238348,0.20043183026436617
Reg. MG,geral,2026-07-28,2025-07-29,03. Grupos Realizados,68.0,119.0
Reg. MG,geral,2026-07-28,2025-07-29,04. Pax Total,159.0,210.0
Reg. MG,geral,2026-07-28,2025-07-29,05. ASK,1968396.0,3152685.0
Reg. MG,geral,2026-07-28,2025-07-29,06. RPK,92543.0,124146.0
Reg. MG,geral,2026-07-28,2025-07-29,07. Load Factor,0.04701442189478133,0.03937786363052446
Reg. MG,geral,2026-07-28,2025-07-29,08. Ticket Médio,124.64993710691824,118.48957142857144
Reg. MG,geral,2026-07-28,2025-07-29,09. GMV,19928.1,25432.999999999996
Reg. MG,geral,2026-07-29,2025-07-30,01. RASK,0.012022788426966411,0.007462619875061833
Reg. MG,geral,2026-07-29,2025-07-30,02. Yield,0.20783666118985955,0.22598388362114888
Reg. MG,geral,2026-07-29,2025-07-30,03. Grupos Realizados,65.0,118.0
Reg. MG,geral,2026-07-29,2025-07-30,04. Pax Total,177.0,186.0
Reg. MG,geral,2026-07-29,2025-07-30,05. ASK,1885694.0,3177892.0
Reg. MG,geral,2026-07-29,2025-07-30,06. RPK,107727.0,103249.0
Reg. MG,geral,2026-07-29,2025-07-30,07. Load Factor,0.05712856911036467,0.03248977624160922
Reg. MG,geral,2026-07-29,2025-07-30,08. Ticket Médio,126.49502824858759,125.44413978494624
Reg. MG,geral,2026-07-29,2025-07-30,09. GMV,22671.3,23715.4
Reg. MG,geral,2026-07-30,2025-07-31,01. RASK,0.009611640063088879,0.00990458761156352
Reg. MG,geral,2026-07-30,2025-07-31,02. Yield,0.19736756448283393,0.21289035550505256
Reg. MG,geral,2026-07-30,2025-07-31,03. Grupos Realizados,113.0,164.0
Reg. MG,geral,2026-07-30,2025-07-31,04. Pax Total,260.0,336.0
Reg. MG,geral,2026-07-30,2025-07-31,05. ASK,3027475.0,4349540.0
Reg. MG,geral,2026-07-30,2025-07-31,06. RPK,141937.0,197128.0
Reg. MG,geral,2026-07-30,2025-07-31,07. Load Factor,0.04688296352571037,0.04532157423543639
Reg. MG,geral,2026-07-30,2025-07-31,08. Ticket Médio,107.74523076923077,124.90074404761903
Reg. MG,geral,2026-07-30,2025-07-31,09. GMV,29099.0,43080.399999999994
Reg. MG,geral,2026-07-31,2025-08-01,01. RASK,0.008495477319655453,0.010457938474318055
Reg. MG,geral,2026-07-31,2025-08-01,02. Yield,0.1822967503180294,0.213073445134958
Reg. MG,geral,2026-07-31,2025-08-01,03. Grupos Realizados,126.0,183.0
Reg. MG,geral,2026-07-31,2025-08-01,04. Pax Total,277.0,397.0
Reg. MG,geral,2026-07-31,2025-08-01,05. ASK,3465644.0,4728692.0
Reg. MG,geral,2026-07-31,2025-08-01,06. RPK,155646.0,227367.0
Reg. MG,geral,2026-07-31,2025-08-01,07. Load Factor,0.04491113339973754,0.04808242955980216
Reg. MG,geral,2026-07-31,2025-08-01,08. Ticket Médio,102.43234657039712,122.02989924433248
Reg. MG,geral,2026-07-31,2025-08-01,09. GMV,29442.3,49452.369999999995
Reg. MG,geral,2026-08-01,2025-08-02,01. RASK,0.005962317309385455,0.009430768641883037
Reg. MG,geral,2026-08-01,2025-08-02,02. Yield,0.18359331476323118,0.20641091464745687
Reg. MG,geral,2026-08-01,2025-08-02,03. Grupos Realizados,46.0,107.0
Reg. MG,geral,2026-08-01,2025-08-02,04. Pax Total,71.0,202.0
Reg. MG,geral,2026-08-01,2025-08-02,05. ASK,1220985.0,2534119.0
Reg. MG,geral,2026-08-01,2025-08-02,06. RPK,39131.0,114525.0
Reg. MG,geral,2026-08-01,2025-08-02,07. Load Factor,0.03204871476717568,0.04519322099711971
Reg. MG,geral,2026-08-01,2025-08-02,08. Ticket Médio,101.18577464788731,117.02579207920792
Reg. MG,geral,2026-08-01,2025-08-02,09. GMV,7279.9,23898.690000000002
Reg. MG,geral,2026-08-02,2025-08-03,01. RASK,0.011133797470399148,0.009188171671242857
Reg. MG,geral,2026-08-02,2025-08-03,02. Yield,0.23145597874878557,0.24777306456592077
Reg. MG,geral,2026-08-02,2025-08-03,03. Grupos Realizados,126.0,194.0
Reg. MG,geral,2026-08-02,2025-08-03,04. Pax Total,287.0,319.0
Reg. MG,geral,2026-08-02,2025-08-03,05. ASK,3404885.0,4743392.0
Reg. MG,geral,2026-08-02,2025-08-03,06. RPK,162626.0,174922.0
Reg. MG,geral,2026-08-02,2025-08-03,07. Load Factor,0.047762552920289525,0.03687698592062389
Reg. MG,geral,2026-08-02,2025-08-03,08. Ticket Médio,131.15247386759583,135.86507836990594
Reg. MG,geral,2026-08-02,2025-08-03,09. GMV,37909.3,43583.09999999999
Reg. MG,extra,2026-07-17,2025-07-18,01. RASK,,0.0
Reg. MG,extra,2026-07-17,2025-07-18,02. Yield,,
Reg. MG,extra,2026-07-17,2025-07-18,03. Grupos Realizados,,1.0
Reg. MG,extra,2026-07-17,2025-07-18,04. Pax Total,,0.0
Reg. MG,extra,2026-07-17,2025-07-18,05. ASK,,20654.0
Reg. MG,extra,2026-07-17,2025-07-18,06. RPK,,0.0
Reg. MG,extra,2026-07-17,2025-07-18,07. Load Factor,,0.0
Reg. MG,extra,2026-07-17,2025-07-18,08. Ticket Médio,,
Reg. MG,extra,2026-07-17,2025-07-18,09. GMV,,0.0
Reg. MG,extra,2026-07-19,2025-07-20,01. RASK,,0.0
Reg. MG,extra,2026-07-19,2025-07-20,02. Yield,,
Reg. MG,extra,2026-07-19,2025-07-20,03. Grupos Realizados,,1.0
Reg. MG,extra,2026-07-19,2025-07-20,04. Pax Total,,0.0
Reg. MG,extra,2026-07-19,2025-07-20,05. ASK,,20378.0
Reg. MG,extra,2026-07-19,2025-07-20,06. RPK,,0.0
Reg. MG,extra,2026-07-19,2025-07-20,07. Load Factor,,0.0
Reg. MG,extra,2026-07-19,2025-07-20,08. Ticket Médio,,
Reg. MG,extra,2026-07-19,2025-07-20,09. GMV,,0.0
Reg. MG,extra,2026-07-24,2025-07-25,01. RASK,,0.0
Reg. MG,extra,2026-07-24,2025-07-25,02. Yield,,
Reg. MG,extra,2026-07-24,2025-07-25,03. Grupos Realizados,,1.0
Reg. MG,extra,2026-07-24,2025-07-25,04. Pax Total,,0.0
Reg. MG,extra,2026-07-24,2025-07-25,05. ASK,,20654.0
Reg. MG,extra,2026-07-24,2025-07-25,06. RPK,,0.0
Reg. MG,extra,2026-07-24,2025-07-25,07. Load Factor,,0.0
Reg. MG,extra,2026-07-24,2025-07-25,08. Ticket Médio,,
Reg. MG,extra,2026-07-24,2025-07-25,09. GMV,,0.0
Reg. MG,extra,2026-07-26,2025-07-27,01. RASK,,0.0
Reg. MG,extra,2026-07-26,2025-07-27,02. Yield,,
Reg. MG,extra,2026-07-26,2025-07-27,03. Grupos Realizados,,1.0
Reg. MG,extra,2026-07-26,2025-07-27,04. Pax Total,,0.0
Reg. MG,extra,2026-07-26,2025-07-27,05. ASK,,20378.0
Reg. MG,extra,2026-07-26,2025-07-27,06. RPK,,0.0
Reg. MG,extra,2026-07-26,2025-07-27,07. Load Factor,,0.0
Reg. MG,extra,2026-07-26,2025-07-27,08. Ticket Médio,,
Reg. MG,extra,2026-07-26,2025-07-27,09. GMV,,0.0
Reg. MG,fixo,2026-07-02,2025-07-03,01. RASK,0.016806410592947275,0.019058307604952716
Reg. MG,fixo,2026-07-02,2025-07-03,02. Yield,0.19440642952474904,0.21778009536045004
Reg. MG,fixo,2026-07-02,2025-07-03,03. Grupos Realizados,116.0,151.0
Reg. MG,fixo,2026-07-02,2025-07-03,04. Pax Total,467.0,585.0
Reg. MG,fixo,2026-07-02,2025-07-03,05. ASK,3131442.0,4010163.0
Reg. MG,fixo,2026-07-02,2025-07-03,06. RPK,258495.0,337037.0
Reg. MG,fixo,2026-07-02,2025-07-03,07. Load Factor,0.08254823177309367,0.08404571086013211
Reg. MG,fixo,2026-07-02,2025-07-03,08. Ticket Médio,107.60832976445398,125.47
Reg. MG,fixo,2026-07-02,2025-07-03,09. GMV,52628.30000000001,76426.92
Reg. MG,fixo,2026-07-03,2025-07-04,01. RASK,0.018325813584532846,0.016799413494189126
Reg. MG,fixo,2026-07-03,2025-07-04,02. Yield,0.21709788591121856,0.21916399988847549
Reg. MG,fixo,2026-07-03,2025-07-04,03. Grupos Realizados,141.0,169.0
Reg. MG,fixo,2026-07-03,2025-07-04,04. Pax Total,563.0,576.0
Reg. MG,fixo,2026-07-03,2025-07-04,05. ASK,3633765.0,4346419.0
Reg. MG,fixo,2026-07-03,2025-07-04,06. RPK,291615.0,322799.0
Reg. MG,fixo,2026-07-03,2025-07-04,07. Load Factor,0.08025147471011472,0.07426780528982595
Reg. MG,fixo,2026-07-03,2025-07-04,08. Ticket Médio,112.44937833037301,122.82277777777777
Reg. MG,fixo,2026-07-03,2025-07-04,09. GMV,66591.7,73017.29
Reg. MG,fixo,2026-07-04,2025-07-05,01. RASK,0.013976061357923914,0.01245343665911752
Reg. MG,fixo,2026-07-04,2025-07-05,02. Yield,0.20852164889017008,0.2113715225620381
Reg. MG,fixo,2026-07-04,2025-07-05,03. Grupos Realizados,54.0,87.0
Reg. MG,fixo,2026-07-04,2025-07-05,04. Pax Total,167.0,232.0
Reg. MG,fixo,2026-07-04,2025-07-05,05. ASK,1361063.0,2300039.0
Reg. MG,fixo,2026-07-04,2025-07-05,06. RPK,86725.0,133144.0
Reg. MG,fixo,2026-07-04,2025-07-05,07. Load Factor,0.0637185787873155,0.05788771407789172
Reg. MG,fixo,2026-07-04,2025-07-05,08. Ticket Médio,108.28766467065867,121.3053879310345
Reg. MG,fixo,2026-07-04,2025-07-05,09. GMV,19022.3,28643.39
Reg. MG,fixo,2026-07-05,2025-07-06,01. RASK,0.018592690924283287,0.021625859196761254
Reg. MG,fixo,2026-07-05,2025-07-06,02. Yield,0.24679244108329826,0.24785572265583689
Reg. MG,fixo,2026-07-05,2025-07-06,03. Grupos Realizados,141.0,173.0
Reg. MG,fixo,2026-07-05,2025-07-06,04. Pax Total,532.0,683.0
Reg. MG,fixo,2026-07-05,2025-07-06,05. ASK,3724356.0,4451105.0
Reg. MG,fixo,2026-07-05,2025-07-06,06. RPK,273055.0,378216.0
Reg. MG,fixo,2026-07-05,2025-07-06,07. Load Factor,0.07331603101314697,0.08497125994556408
Reg. MG,fixo,2026-07-05,2025-07-06,08. Ticket Médio,126.6690037593985,137.2518301610542
Reg. MG,fixo,2026-07-05,2025-07-06,09. GMV,69245.8,96258.97
Reg. MG,fixo,2026-07-06,2025-07-07,01. RASK,0.008529383192049588,0.012161890411366389
Reg. MG,fixo,2026-07-06,2025-07-07,02. Yield,0.21061684583240292,0.19628487454699936
Reg. MG,fixo,2026-07-06,2025-07-07,03. Grupos Realizados,118.0,148.0
Reg. MG,fixo,2026-07-06,2025-07-07,04. Pax Total,230.0,405.0
Reg. MG,fixo,2026-07-06,2025-07-07,05. ASK,3170452.0,3899638.0
Reg. MG,fixo,2026-07-06,2025-07-07,06. RPK,125396.0,230684.0
Reg. MG,fixo,2026-07-06,2025-07-07,07. Load Factor,0.03955145827787331,0.05915523440893745
Reg. MG,fixo,2026-07-06,2025-07-07,08. Ticket Médio,114.82830434782609,111.80192592592593
Reg. MG,fixo,2026-07-06,2025-07-07,09. GMV,27042.0,47426.97
Reg. MG,fixo,2026-07-07,2025-07-08,01. RASK,0.009704763776398168,0.01205059522914794
Reg. MG,fixo,2026-07-07,2025-07-08,02. Yield,0.18060564195433415,0.20532807167735806
Reg. MG,fixo,2026-07-07,2025-07-08,03. Grupos Realizados,76.0,110.0
Reg. MG,fixo,2026-07-07,2025-07-08,04. Pax Total,188.0,285.0
Reg. MG,fixo,2026-07-07,2025-07-08,05. ASK,2050663.0,2993721.0
Reg. MG,fixo,2026-07-07,2025-07-08,06. RPK,107126.0,170542.0
Reg. MG,fixo,2026-07-07,2025-07-08,07. Load Factor,0.05223969028553205,0.05696656435252317
Reg. MG,fixo,2026-07-07,2025-07-08,08. Ticket Médio,102.91255319148937,122.86687719298247
Reg. MG,fixo,2026-07-07,2025-07-08,09. GMV,19901.199999999997,36076.119999999995
Reg. MG,fixo,2026-07-08,2025-07-09,01. RASK,0.01281305317789456,0.017511883204883626
Reg. MG,fixo,2026-07-08,2025-07-09,02. Yield,0.1981700005413599,0.2071188912607753
Reg. MG,fixo,2026-07-08,2025-07-09,03. Grupos Realizados,83.0,111.0
Reg. MG,fixo,2026-07-08,2025-07-09,04. Pax Total,253.0,410.0
Reg. MG,fixo,2026-07-08,2025-07-09,05. ASK,2348363.0,3033483.0
Reg. MG,fixo,2026-07-08,2025-07-09,06. RPK,147776.0,245468.0
Reg. MG,fixo,2026-07-08,2025-07-09,07. Load Factor,0.06292723910230233,0.08091952386085566
Reg. MG,fixo,2026-07-08,2025-07-09,08. Ticket Médio,115.7500790513834,124.00258536585368
Reg. MG,fixo,2026-07-08,2025-07-09,09. GMV,30089.7,53122.00000000001
Reg. MG,fixo,2026-07-09,2025-07-10,01. RASK,0.013190372365859255,0.014967508338103628
Reg. MG,fixo,2026-07-09,2025-07-10,02. Yield,0.2075661825991471,0.211510366523384
Reg. MG,fixo,2026-07-09,2025-07-10,03. Grupos Realizados,134.0,162.0
Reg. MG,fixo,2026-07-09,2025-07-10,04. Pax Total,401.0,531.0
Reg. MG,fixo,2026-07-09,2025-07-10,05. ASK,3668274.0,4286946.0
Reg. MG,fixo,2026-07-09,2025-07-10,06. RPK,226759.0,294988.0
Reg. MG,fixo,2026-07-09,2025-07-10,07. Load Factor,0.06181626563337417,0.06881075712173655
Reg. MG,fixo,2026-07-09,2025-07-10,08. Ticket Médio,117.37531172069828,117.50097928436912
Reg. MG,fixo,2026-07-09,2025-07-10,09. GMV,48385.9,64164.9
Reg. MG,fixo,2026-07-10,2025-07-11,01. RASK,0.016217842179531178,0.018091276503087585
Reg. MG,fixo,2026-07-10,2025-07-11,02. Yield,0.2420990541606572,0.2349171217402164
Reg. MG,fixo,2026-07-10,2025-07-11,03. Grupos Realizados,149.0,184.0
Reg. MG,fixo,2026-07-10,2025-07-11,04. Pax Total,455.0,621.0
Reg. MG,fixo,2026-07-10,2025-07-11,05. ASK,3858004.0,4748692.0
Reg. MG,fixo,2026-07-10,2025-07-11,06. RPK,250994.0,352324.0
Reg. MG,fixo,2026-07-10,2025-07-11,07. Load Factor,0.06505799371903191,0.07419390434250105
Reg. MG,fixo,2026-07-10,2025-07-11,08. Ticket Médio,133.55035164835164,133.2800966183575
Reg. MG,fixo,2026-07-10,2025-07-11,09. GMV,62568.49999999999,85909.9
Reg. MG,fixo,2026-07-11,2025-07-12,01. RASK,0.020198656642449676,0.012867951840522338
Reg. MG,fixo,2026-07-11,2025-07-12,02. Yield,0.23707924464677124,0.21280089005986064
Reg. MG,fixo,2026-07-11,2025-07-12,03. Grupos Realizados,56.0,97.0
Reg. MG,fixo,2026-07-11,2025-07-12,04. Pax Total,233.0,263.0
Reg. MG,fixo,2026-07-11,2025-07-12,05. ASK,1422555.0,2489728.0
Reg. MG,fixo,2026-07-11,2025-07-12,06. RPK,118620.0,146507.0
Reg. MG,fixo,2026-07-11,2025-07-12,07. Load Factor,0.08338517667155224,0.05884458061282196
Reg. MG,fixo,2026-07-11,2025-07-12,08. Ticket Médio,120.69673819742489,118.54304182509506
Reg. MG,fixo,2026-07-11,2025-07-12,09. GMV,28733.7,32037.7
Reg. MG,fixo,2026-07-12,2025-07-13,01. RASK,0.015437922259513646,0.017876679103782045
Reg. MG,fixo,2026-07-12,2025-07-13,02. Yield,0.2594793519111632,0.27607359902972134
Reg. MG,fixo,2026-07-12,2025-07-13,03. Grupos Realizados,148.0,187.0
Reg. MG,fixo,2026-07-12,2025-07-13,04. Pax Total,404.0,560.0
Reg. MG,fixo,2026-07-12,2025-07-13,05. ASK,3844792.0,4828022.0
Reg. MG,fixo,2026-07-12,2025-07-13,06. RPK,223241.0,306716.0
Reg. MG,fixo,2026-07-12,2025-07-13,07. Load Factor,0.05806321902459223,0.0635282937815942
Reg. MG,fixo,2026-07-12,2025-07-13,08. Ticket Médio,143.38225247524755,151.20748214285715
Reg. MG,fixo,2026-07-12,2025-07-13,09. GMV,59355.6,86308.99999999999
Reg. MG,fixo,2026-07-13,2025-07-14,01. RASK,0.01205516693990457,0.012543225534697602
Reg. MG,fixo,2026-07-13,2025-07-14,02. Yield,0.2132481924612336,0.20559334922078332
Reg. MG,fixo,2026-07-13,2025-07-14,03. Grupos Realizados,119.0,164.0
Reg. MG,fixo,2026-07-13,2025-07-14,04. Pax Total,305.0,444.0
Reg. MG,fixo,2026-07-13,2025-07-14,05. ASK,3134631.0,4297055.0
Reg. MG,fixo,2026-07-13,2025-07-14,06. RPK,171089.0,255128.0
Reg. MG,fixo,2026-07-13,2025-07-14,07. Load Factor,0.05458026798050552,0.05937275645762039
Reg. MG,fixo,2026-07-13,2025-07-14,08. Ticket Médio,119.62104918032786,118.13653153153152
Reg. MG,fixo,2026-07-13,2025-07-14,09. GMV,37788.5,53898.93
Reg. MG,fixo,2026-07-14,2025-07-15,01. RASK,0.012556508246999958,0.014453318830051713
Reg. MG,fixo,2026-07-14,2025-07-15,02. Yield,0.2163691167649895,0.21609375229102212
Reg. MG,fixo,2026-07-14,2025-07-15,03. Grupos Realizados,86.0,119.0
Reg. MG,fixo,2026-07-14,2025-07-15,04. Pax Total,234.0,357.0
Reg. MG,fixo,2026-07-14,2025-07-15,05. ASK,2348551.0,3155148.0
Reg. MG,fixo,2026-07-14,2025-07-15,06. RPK,131709.0,204603.0
Reg. MG,fixo,2026-07-14,2025-07-15,07. Load Factor,0.0560809622614114,0.06484735422870813
Reg. MG,fixo,2026-07-14,2025-07-15,08. Ticket Médio,121.78529914529915,123.84714285714284
Reg. MG,fixo,2026-07-14,2025-07-15,09. GMV,29489.599999999995,45602.36
Reg. MG,fixo,2026-07-15,2025-07-16,01. RASK,0.017594140227448363,0.017852772895310072
Reg. MG,fixo,2026-07-15,2025-07-16,02. Yield,0.21731393847565594,0.2171482131617322
Reg. MG,fixo,2026-07-15,2025-07-16,03. Grupos Realizados,87.0,120.0
Reg. MG,fixo,2026-07-15,2025-07-16,04. Pax Total,329.0,435.0
Reg. MG,fixo,2026-07-15,2025-07-16,05. ASK,2368010.0,3224121.0
Reg. MG,fixo,2026-07-15,2025-07-16,06. RPK,187438.0,255787.0
Reg. MG,fixo,2026-07-15,2025-07-16,07. Load Factor,0.07915422654465142,0.0793354219646223
Reg. MG,fixo,2026-07-15,2025-07-16,08. Ticket Médio,123.80817629179332,127.6866436781609
Reg. MG,fixo,2026-07-15,2025-07-16,09. GMV,41663.09999999999,57559.5
Reg. MG,fixo,2026-07-16,2025-07-17,01. RASK,0.01650485409213709,0.023524916570383907
Reg. MG,fixo,2026-07-16,2025-07-17,02. Yield,0.21976038902931067,0.24199186991869914
Reg. MG,fixo,2026-07-16,2025-07-17,03. Grupos Realizados,134.0,170.0
Reg. MG,fixo,2026-07-16,2025-07-17,04. Pax Total,443.0,748.0
Reg. MG,fixo,2026-07-16,2025-07-17,05. ASK,3507556.0,4496305.0
Reg. MG,fixo,2026-07-16,2025-07-17,06. RPK,254788.0,421398.0
Reg. MG,fixo,2026-07-16,2025-07-17,07. Load Factor,0.07263975257985902,0.09372095531775536
Reg. MG,fixo,2026-07-16,2025-07-17,08. Ticket Médio,126.39347629796839,136.33006684491977
Reg. MG,fixo,2026-07-16,2025-07-17,09. GMV,57891.7,105775.2
Reg. MG,fixo,2026-07-17,2025-07-18,01. RASK,0.023914744306521525,0.028790946399701527
Reg. MG,fixo,2026-07-17,2025-07-18,02. Yield,0.24012941733306187,0.2438092450334518
Reg. MG,fixo,2026-07-17,2025-07-18,03. Grupos Realizados,147.0,187.0
Reg. MG,fixo,2026-07-17,2025-07-18,04. Pax Total,655.0,972.0
Reg. MG,fixo,2026-07-17,2025-07-18,05. ASK,3817833.0,4824600.0
Reg. MG,fixo,2026-07-17,2025-07-18,06. RPK,363398.0,546607.0
Reg. MG,fixo,2026-07-17,2025-07-18,07. Load Factor,0.09518436243806369,0.11329581726982547
Reg. MG,fixo,2026-07-17,2025-07-18,08. Ticket Médio,133.22526717557255,137.10683127572014
Reg. MG,fixo,2026-07-17,2025-07-18,09. GMV,91302.50000000001,138904.8
Reg. MG,fixo,2026-07-18,2025-07-19,01. RASK,0.020891360859386827,0.021647061047150352
Reg. MG,fixo,2026-07-18,2025-07-19,02. Yield,0.2113099053011252,0.2187651071844197
Reg. MG,fixo,2026-07-18,2025-07-19,03. Grupos Realizados,58.0,99.0
Reg. MG,fixo,2026-07-18,2025-07-19,04. Pax Total,254.0,416.0
Reg. MG,fixo,2026-07-18,2025-07-19,05. ASK,1446799.0,2539578.0
Reg. MG,fixo,2026-07-18,2025-07-19,06. RPK,139178.0,243179.0
Reg. MG,fixo,2026-07-18,2025-07-19,07. Load Factor,0.09619719117859496,0.09575567279288133
Reg. MG,fixo,2026-07-18,2025-07-19,08. Ticket Médio,115.78618110236222,127.88240384615385
Reg. MG,fixo,2026-07-18,2025-07-19,09. GMV,30225.600000000002,54974.399999999994
Reg. MG,fixo,2026-07-19,2025-07-20,01. RASK,0.02268823915144263,0.026792639398880515
Reg. MG,fixo,2026-07-19,2025-07-20,02. Yield,0.2820395887813448,0.27897064234504443
Reg. MG,fixo,2026-07-19,2025-07-20,03. Grupos Realizados,137.0,188.0
Reg. MG,fixo,2026-07-19,2025-07-20,04. Pax Total,489.0,806.0
Reg. MG,fixo,2026-07-19,2025-07-20,05. ASK,3476960.0,4832051.0
Reg. MG,fixo,2026-07-19,2025-07-20,06. RPK,272653.0,448435.0
Reg. MG,fixo,2026-07-19,2025-07-20,07. Load Factor,0.07841706548249044,0.09280427710717458
Reg. MG,fixo,2026-07-19,2025-07-20,08. Ticket Médio,157.25754601226993,155.21116625310174
Reg. MG,fixo,2026-07-19,2025-07-20,09. GMV,78886.09999999999,129463.4
Reg. MG,fixo,2026-07-20,2025-07-21,01. RASK,0.01192644370475002,0.016591674570793552
Reg. MG,fixo,2026-07-20,2025-07-21,02. Yield,0.23024311183144247,0.2274047914415676
Reg. MG,fixo,2026-07-20,2025-07-21,03. Grupos Realizados,117.0,163.0
Reg. MG,fixo,2026-07-20,2025-07-21,04. Pax Total,262.0,512.0
Reg. MG,fixo,2026-07-20,2025-07-21,05. ASK,3056217.0,4247781.0
Reg. MG,fixo,2026-07-20,2025-07-21,06. RPK,153633.0,299868.0
Reg. MG,fixo,2026-07-20,2025-07-21,07. Load Factor,0.05026900903960681,0.07059403486196675
Reg. MG,fixo,2026-07-20,2025-07-21,08. Ticket Médio,135.01122137404582,133.1863671875
Reg. MG,fixo,2026-07-20,2025-07-21,09. GMV,36449.8,70477.79999999999
Reg. MG,fixo,2026-07-21,2025-07-22,01. RASK,0.016648558528308273,0.02022314364896611
Reg. MG,fixo,2026-07-21,2025-07-22,02. Yield,0.22258840395030266,0.24736631566327652
Reg. MG,fixo,2026-07-21,2025-07-22,03. Grupos Realizados,85.0,118.0
Reg. MG,fixo,2026-07-21,2025-07-22,04. Pax Total,319.0,428.0
Reg. MG,fixo,2026-07-21,2025-07-22,05. ASK,2400394.0,3098094.0
Reg. MG,fixo,2026-07-21,2025-07-22,06. RPK,175784.0,250235.0
Reg. MG,fixo,2026-07-21,2025-07-22,07. Load Factor,0.07323131119307913,0.08077062865103513
Reg. MG,fixo,2026-07-21,2025-07-22,08. Ticket Médio,122.65667711598745,144.62549065420563
Reg. MG,fixo,2026-07-21,2025-07-22,09. GMV,39963.100000000006,62653.200000000004
Reg. MG,fixo,2026-07-22,2025-07-23,01. RASK,0.01740495198122475,0.019903359556252144
Reg. MG,fixo,2026-07-22,2025-07-23,02. Yield,0.20940751773817903,0.2388530837191686
Reg. MG,fixo,2026-07-22,2025-07-23,03. Grupos Realizados,84.0,119.0
Reg. MG,fixo,2026-07-22,2025-07-23,04. Pax Total,325.0,440.0
Reg. MG,fixo,2026-07-22,2025-07-23,05. ASK,2359702.0,3167204.0
Reg. MG,fixo,2026-07-22,2025-07-23,06. RPK,184630.0,258746.0
Reg. MG,fixo,2026-07-22,2025-07-23,07. Load Factor,0.07824293067514457,0.08169540073831683
Reg. MG,fixo,2026-07-22,2025-07-23,08. Ticket Médio,118.96279999999999,140.45972727272726
Reg. MG,fixo,2026-07-22,2025-07-23,09. GMV,41070.49999999999,63038.00000000001
Reg. MG,fixo,2026-07-23,2025-07-24,01. RASK,0.014936570062104436,0.01911227171112171
Reg. MG,fixo,2026-07-23,2025-07-24,02. Yield,0.21138882095001832,0.22644886897177416
Reg. MG,fixo,2026-07-23,2025-07-24,03. Grupos Realizados,121.0,163.0
Reg. MG,fixo,2026-07-23,2025-07-24,04. Pax Total,407.0,612.0
Reg. MG,fixo,2026-07-23,2025-07-24,05. ASK,3323273.0,4283991.0
Reg. MG,fixo,2026-07-23,2025-07-24,06. RPK,228964.0,346101.0
Reg. MG,fixo,2026-07-23,2025-07-24,07. Load Factor,0.06889713845356671,0.08078938541187411
Reg. MG,fixo,2026-07-23,2025-07-24,08. Ticket Médio,118.91997542997544,128.06238562091508
Reg. MG,fixo,2026-07-23,2025-07-24,09. GMV,49638.3,81876.8
Reg. MG,fixo,2026-07-24,2025-07-25,01. RASK,0.0139906297135827,0.01904666198492433
Reg. MG,fixo,2026-07-24,2025-07-25,02. Yield,0.22920712936485657,0.23203876806446513
Reg. MG,fixo,2026-07-24,2025-07-25,03. Grupos Realizados,132.0,182.0
Reg. MG,fixo,2026-07-24,2025-07-25,04. Pax Total,367.0,649.0
Reg. MG,fixo,2026-07-24,2025-07-25,05. ASK,3560190.0,4662082.0
Reg. MG,fixo,2026-07-24,2025-07-25,06. RPK,210173.0,373039.0
Reg. MG,fixo,2026-07-24,2025-07-25,07. Load Factor,0.05903420884840416,0.08001553812223809
Reg. MG,fixo,2026-07-24,2025-07-25,08. Ticket Médio,131.26198910081743,133.37366718027735
Reg. MG,fixo,2026-07-24,2025-07-25,09. GMV,49809.3,88797.1
Reg. MG,fixo,2026-07-25,2025-07-26,01. RASK,0.023236708343521702,0.015952846371881865
Reg. MG,fixo,2026-07-25,2025-07-26,02. Yield,0.24318194480717334,0.24016165611335885
Reg. MG,fixo,2026-07-25,2025-07-26,03. Grupos Realizados,45.0,99.0
Reg. MG,fixo,2026-07-25,2025-07-26,04. Pax Total,211.0,297.0
Reg. MG,fixo,2026-07-25,2025-07-26,05. ASK,1230979.0,2523581.0
Reg. MG,fixo,2026-07-25,2025-07-26,06. RPK,114870.0,165351.0
Reg. MG,fixo,2026-07-25,2025-07-26,07. Load Factor,0.09331597045928484,0.06552236682713969
Reg. MG,fixo,2026-07-25,2025-07-26,08. Ticket Médio,132.39009478672986,133.7069696969697
Reg. MG,fixo,2026-07-25,2025-07-26,09. GMV,28603.899999999998,40258.3
Reg. MG,fixo,2026-07-26,2025-07-27,01. RASK,0.018136242284995194,0.02353986723988355
Reg. MG,fixo,2026-07-26,2025-07-27,02. Yield,0.2679293108279625,0.28572690613753826
Reg. MG,fixo,2026-07-26,2025-07-27,03. Grupos Realizados,137.0,186.0
Reg. MG,fixo,2026-07-26,2025-07-27,04. Pax Total,438.0,704.0
Reg. MG,fixo,2026-07-26,2025-07-27,05. ASK,3649058.0,4769806.0
Reg. MG,fixo,2026-07-26,2025-07-27,06. RPK,242668.0,387354.0
Reg. MG,fixo,2026-07-26,2025-07-27,07. Load Factor,0.0665015464265024,0.08120959217209253
Reg. MG,fixo,2026-07-26,2025-07-27,08. Ticket Médio,148.44262557077627,157.21230113636364
Reg. MG,fixo,2026-07-26,2025-07-27,09. GMV,66180.20000000001,112280.59999999999
Reg. MG,fixo,2026-07-27,2025-07-28,01. RASK,0.010396399750112114,0.014638660954127601
Reg. MG,fixo,2026-07-27,2025-07-28,02. Yield,0.22773418592041053,0.23177020205836574
Reg. MG,fixo,2026-07-27,2025-07-28,03. Grupos Realizados,125.0,162.0
Reg. MG,fixo,2026-07-27,2025-07-28,04. Pax Total,272.0,444.0
Reg. MG,fixo,2026-07-27,2025-07-28,05. ASK,3347101.0,4232327.0
Reg. MG,fixo,2026-07-27,2025-07-28,06. RPK,151226.0,264676.0
Reg. MG,fixo,2026-07-27,2025-07-28,07. Load Factor,0.045181188138631014,0.06253675578470189
Reg. MG,fixo,2026-07-27,2025-07-28,08. Ticket Médio,126.61518382352942,138.1621846846847
Reg. MG,fixo,2026-07-27,2025-07-28,09. GMV,34797.8,61955.6
Reg. MG,fixo,2026-07-28,2025-07-29,01. RASK,0.010124029920808618,0.008160021509371366
Reg. MG,fixo,2026-07-28,2025-07-29,02. Yield,0.21416357801238348,0.20043183026436617
Reg. MG,fixo,2026-07-28,2025-07-29,03. Grupos Realizados,68.0,118.0
Reg. MG,fixo,2026-07-28,2025-07-29,04. Pax Total,159.0,210.0
Reg. MG,fixo,2026-07-28,2025-07-29,05. ASK,1968396.0,3116781.0
Reg. MG,fixo,2026-07-28,2025-07-29,06. RPK,92543.0,124146.0
Reg. MG,fixo,2026-07-28,2025-07-29,07. Load Factor,0.04701442189478133,0.039831479978862806
Reg. MG,fixo,2026-07-28,2025-07-29,08. Ticket Médio,124.64993710691826,118.48957142857144
Reg. MG,fixo,2026-07-28,2025-07-29,09. GMV,19928.1,25433.000000000004
Reg. MG,fixo,2026-07-29,2025-07-30,01. RASK,0.012022788426966415,0.007547896427357457
Reg. MG,fixo,2026-07-29,2025-07-30,02. Yield,0.20783666118985955,0.22598388362114885
Reg. MG,fixo,2026-07-29,2025-07-30,03. Grupos Realizados,65.0,117.0
Reg. MG,fixo,2026-07-29,2025-07-30,04. Pax Total,177.0,186.0
Reg. MG,fixo,2026-07-29,2025-07-30,05. ASK,1885694.0,3141988.0
Reg. MG,fixo,2026-07-29,2025-07-30,06. RPK,107727.0,103249.0
Reg. MG,fixo,2026-07-29,2025-07-30,07. Load Factor,0.05712856911036467,0.032861042117283704
Reg. MG,fixo,2026-07-29,2025-07-30,08. Ticket Médio,126.49502824858756,125.44413978494622
Reg. MG,fixo,2026-07-29,2025-07-30,09. GMV,22671.299999999996,23715.399999999998
Reg. MG,fixo,2026-07-30,2025-07-31,01. RASK,0.009611640063088877,0.00991108197353694
Reg. MG,fixo,2026-07-30,2025-07-31,02. Yield,0.19736756448283393,0.21376577861702345
Reg. MG,fixo,2026-07-30,2025-07-31,03. Grupos Realizados,113.0,163.0
Reg. MG,fixo,2026-07-30,2025-07-31,04. Pax Total,260.0,332.0
Reg. MG,fixo,2026-07-30,2025-07-31,05. ASK,3027475.0,4313636.0
Reg. MG,fixo,2026-07-30,2025-07-31,06. RPK,141937.0,194884.0
Reg. MG,fixo,2026-07-30,2025-07-31,07. Load Factor,0.04688296352571037,0.04517859179587708
Reg. MG,fixo,2026-07-30,2025-07-31,08. Ticket Médio,107.74523076923079,125.48051204819275
Reg. MG,fixo,2026-07-30,2025-07-31,09. GMV,29099.0,42752.799999999996
Reg. MG,fixo,2026-07-31,2025-08-01,01. RASK,0.008598867865234958,0.0105379510005566
Reg. MG,fixo,2026-07-31,2025-08-01,02. Yield,0.1822967503180294,0.21307344513495802
Reg. MG,fixo,2026-07-31,2025-08-01,03. Grupos Realizados,125.0,182.0
Reg. MG,fixo,2026-07-31,2025-08-01,04. Pax Total,277.0,397.0
Reg. MG,fixo,2026-07-31,2025-08-01,05. ASK,3423974.0,4692788.0
Reg. MG,fixo,2026-07-31,2025-08-01,06. RPK,155646.0,227367.0
Reg. MG,fixo,2026-07-31,2025-08-01,07. Load Factor,0.045457704994255214,0.048450302890307426
Reg. MG,fixo,2026-07-31,2025-08-01,08. Ticket Médio,102.4323465703971,122.02989924433248
Reg. MG,fixo,2026-07-31,2025-08-01,09. GMV,29442.300000000003,49452.369999999995
Reg. MG,fixo,2026-08-01,2025-08-02,01. RASK,0.005962317309385456,0.00965122829717559
Reg. MG,fixo,2026-08-01,2025-08-02,02. Yield,0.18359331476323115,0.20641091464745687
Reg. MG,fixo,2026-08-01,2025-08-02,03. Grupos Realizados,46.0,97.0
Reg. MG,fixo,2026-08-01,2025-08-02,04. Pax Total,71.0,202.0
Reg. MG,fixo,2026-08-01,2025-08-02,05. ASK,1220985.0,2476233.0
Reg. MG,fixo,2026-08-01,2025-08-02,06. RPK,39131.0,114525.0
Reg. MG,fixo,2026-08-01,2025-08-02,07. Load Factor,0.03204871476717568,0.046249686519806495
Reg. MG,fixo,2026-08-01,2025-08-02,08. Ticket Médio,101.18577464788733,117.02579207920792
Reg. MG,fixo,2026-08-01,2025-08-02,09. GMV,7279.9,23898.69
Reg. MG,fixo,2026-08-02,2025-08-03,01. RASK,0.01145902258264115,0.00923267090771587
Reg. MG,fixo,2026-08-02,2025-08-03,02. Yield,0.23145597874878557,0.2477730645659208
Reg. MG,fixo,2026-08-02,2025-08-03,03. Grupos Realizados,123.0,183.0
Reg. MG,fixo,2026-08-02,2025-08-03,04. Pax Total,287.0,319.0
Reg. MG,fixo,2026-08-02,2025-08-03,05. ASK,3308249.0,4720530.0
Reg. MG,fixo,2026-08-02,2025-08-03,06. RPK,162626.0,174922.0
Reg. MG,fixo,2026-08-02,2025-08-03,07. Load Factor,0.04915772664028614,0.0370555848601746
Reg. MG,fixo,2026-08-02,2025-08-03,08. Ticket Médio,131.15247386759583,135.86507836990594
Reg. MG,fixo,2026-08-02,2025-08-03,09. GMV,37909.3,43583.1
Reg. SP,geral,2026-07-02,2025-07-03,01. RASK,0.017408991774863165,0.016171586708057604
Reg. SP,geral,2026-07-02,2025-07-03,02. Yield,0.18956272602506438,0.205815819015828
Reg. SP,geral,2026-07-02,2025-07-03,03. Grupos Realizados,147.0,167.0
Reg. SP,geral,2026-07-02,2025-07-03,04. Pax Total,586.0,506.0
Reg. SP,geral,2026-07-02,2025-07-03,05. ASK,3328820.0,3543771.0
Reg. SP,geral,2026-07-02,2025-07-03,06. RPK,299469.0,269018.0
Reg. SP,geral,2026-07-02,2025-07-03,07. Load Factor,0.08996250923750758,0.0759129187523686
Reg. SP,geral,2026-07-02,2025-07-03,08. Ticket Médio,96.87399317406141,109.42324110671937
Reg. SP,geral,2026-07-02,2025-07-03,09. GMV,57951.399999999994,57308.40000000001
Reg. SP,geral,2026-07-03,2025-07-04,01. RASK,0.015794468162887574,0.01726818857598952
Reg. SP,geral,2026-07-03,2025-07-04,02. Yield,0.19942903802687464,0.22144780236621098
Reg. SP,geral,2026-07-03,2025-07-04,03. Grupos Realizados,197.0,222.0
Reg. SP,geral,2026-07-03,2025-07-04,04. Pax Total,668.0,733.0
Reg. SP,geral,2026-07-03,2025-07-04,05. ASK,4168814.0,4406351.0
Reg. SP,geral,2026-07-03,2025-07-04,06. RPK,322088.0,326260.0
Reg. SP,geral,2026-07-03,2025-07-04,07. Load Factor,0.07726130261508429,0.07404312547956347
Reg. SP,geral,2026-07-03,2025-07-04,08. Ticket Médio,96.15823353293413,98.56693042291953
Reg. SP,geral,2026-07-03,2025-07-04,09. GMV,65844.2,76089.7
Reg. SP,geral,2026-07-04,2025-07-05,01. RASK,0.01566780936292708,0.011206187033250409
Reg. SP,geral,2026-07-04,2025-07-05,02. Yield,0.17936746850291735,0.20862174463182945
Reg. SP,geral,2026-07-04,2025-07-05,03. Grupos Realizados,125.0,170.0
Reg. SP,geral,2026-07-04,2025-07-05,04. Pax Total,463.0,329.0
Reg. SP,geral,2026-07-04,2025-07-05,05. ASK,2320535.0,3002279.0
Reg. SP,geral,2026-07-04,2025-07-05,06. RPK,196923.0,158853.0
Reg. SP,geral,2026-07-04,2025-07-05,07. Load Factor,0.08486103420116482,0.05291080542481228
Reg. SP,geral,2026-07-04,2025-07-05,08. Ticket Médio,76.28850971922246,100.73006079027357
Reg. SP,geral,2026-07-04,2025-07-05,09. GMV,36357.700000000004,33644.1
Reg. SP,geral,2026-07-05,2025-07-06,01. RASK,0.016315219355342577,0.020385419217430423
Reg. SP,geral,2026-07-05,2025-07-06,02. Yield,0.22003638716963653,0.24320689471724213
Reg. SP,geral,2026-07-05,2025-07-06,03. Grupos Realizados,204.0,238.0
Reg. SP,geral,2026-07-05,2025-07-06,04. Pax Total,667.0,818.0
Reg. SP,geral,2026-07-05,2025-07-06,05. ASK,4327818.0,4565626.0
Reg. SP,geral,2026-07-05,2025-07-06,06. RPK,315221.0,375940.0
Reg. SP,geral,2026-07-05,2025-07-06,07. Load Factor,0.07283601112616103,0.0823413919580798
Reg. SP,geral,2026-07-05,2025-07-06,08. Ticket Médio,103.98814092953523,111.77408312958435
Reg. SP,geral,2026-07-05,2025-07-06,09. GMV,70609.3,93072.2
Reg. SP,geral,2026-07-06,2025-07-07,01. RASK,0.011172121970495257,0.012698933825292889
Reg. SP,geral,2026-07-06,2025-07-07,02. Yield,0.18601397037406894,0.20496307422185422
Reg. SP,geral,2026-07-06,2025-07-07,03. Grupos Realizados,154.0,203.0
Reg. SP,geral,2026-07-06,2025-07-07,04. Pax Total,393.0,511.0
Reg. SP,geral,2026-07-06,2025-07-07,05. ASK,3279744.0,4023637.0
Reg. SP,geral,2026-07-06,2025-07-07,06. RPK,192264.0,240347.0
Reg. SP,geral,2026-07-06,2025-07-07,07. Load Factor,0.058621648518908796,0.05973376823008636
Reg. SP,geral,2026-07-06,2025-07-07,08. Ticket Médio,91.00201017811703,96.4036399217221
Reg. SP,geral,2026-07-06,2025-07-07,09. GMV,36641.69999999999,51095.899999999994
Reg. SP,geral,2026-07-07,2025-07-08,01. RASK,0.011773377967876275,0.008144266047216294
Reg. SP,geral,2026-07-07,2025-07-08,02. Yield,0.16932753733957515,0.19373078829945467
Reg. SP,geral,2026-07-07,2025-07-08,03. Grupos Realizados,97.0,148.0
Reg. SP,geral,2026-07-07,2025-07-08,04. Pax Total,294.0,245.0
Reg. SP,geral,2026-07-07,2025-07-08,05. ASK,2342879.0,3075845.0
Reg. SP,geral,2026-07-07,2025-07-08,06. RPK,157005.0,125054.0
Reg. SP,geral,2026-07-07,2025-07-08,07. Load Factor,0.06701370407946804,0.04065679512459178
Reg. SP,geral,2026-07-07,2025-07-08,08. Ticket Médio,90.42608843537415,98.8849387755102
Reg. SP,geral,2026-07-07,2025-07-08,09. GMV,27583.600000000006,25050.499999999996
Reg. SP,geral,2026-07-08,2025-07-09,01. RASK,0.012171716131619348,0.022514161077994956
Reg. SP,geral,2026-07-08,2025-07-09,02. Yield,0.18767205455618352,0.2237038295580589
Reg. SP,geral,2026-07-08,2025-07-09,03. Grupos Realizados,109.0,154.0
Reg. SP,geral,2026-07-08,2025-07-09,04. Pax Total,322.0,598.0
Reg. SP,geral,2026-07-08,2025-07-09,05. ASK,2573573.0,3251518.0
Reg. SP,geral,2026-07-08,2025-07-09,06. RPK,164381.0,311942.0
Reg. SP,geral,2026-07-08,2025-07-09,07. Load Factor,0.06387267817932502,0.09593734372683774
Reg. SP,geral,2026-07-08,2025-07-09,08. Ticket Médio,95.80658385093167,116.69334448160537
Reg. SP,geral,2026-07-08,2025-07-09,09. GMV,31324.8,73205.20000000001
Reg. SP,geral,2026-07-09,2025-07-10,01. RASK,0.014605357115366622,0.015993244499672918
Reg. SP,geral,2026-07-09,2025-07-10,02. Yield,0.1967297816263512,0.20571473779981278
Reg. SP,geral,2026-07-09,2025-07-10,03. Grupos Realizados,147.0,200.0
Reg. SP,geral,2026-07-09,2025-07-10,04. Pax Total,452.0,563.0
Reg. SP,geral,2026-07-09,2025-07-10,05. ASK,3377788.0,4049441.0
Reg. SP,geral,2026-07-09,2025-07-10,06. RPK,243207.0,303356.0
Reg. SP,geral,2026-07-09,2025-07-10,07. Load Factor,0.072001854468072,0.0749130559008021
Reg. SP,geral,2026-07-09,2025-07-10,08. Ticket Médio,105.85411504424778,110.84333925399643
Reg. SP,geral,2026-07-09,2025-07-10,09. GMV,49333.79999999999,64763.7
Reg. SP,geral,2026-07-10,2025-07-11,01. RASK,0.014043153246290357,0.013469796303402077
Reg. SP,geral,2026-07-10,2025-07-11,02. Yield,0.2102659673054825,0.21234117145218473
Reg. SP,geral,2026-07-10,2025-07-11,03. Grupos Realizados,195.0,245.0
Reg. SP,geral,2026-07-10,2025-07-11,04. Pax Total,517.0,572.0
Reg. SP,geral,2026-07-10,2025-07-11,05. ASK,4174796.0,4860415.0
Reg. SP,geral,2026-07-10,2025-07-11,06. RPK,269770.0,300072.0
Reg. SP,geral,2026-07-10,2025-07-11,07. Load Factor,0.06461872628027812,0.06173793801558097
Reg. SP,geral,2026-07-10,2025-07-11,08. Ticket Médio,109.71653771760154,111.39447552447552
Reg. SP,geral,2026-07-10,2025-07-11,09. GMV,58627.3,65468.799999999996
Reg. SP,geral,2026-07-11,2025-07-12,01. RASK,0.013364980227295384,0.010035888409000809
Reg. SP,geral,2026-07-11,2025-07-12,02. Yield,0.17816942534589592,0.1994910807109028
Reg. SP,geral,2026-07-11,2025-07-12,03. Grupos Realizados,126.0,200.0
Reg. SP,geral,2026-07-11,2025-07-12,04. Pax Total,395.0,348.0
Reg. SP,geral,2026-07-11,2025-07-12,05. ASK,2397497.0,3730731.0
Reg. SP,geral,2026-07-11,2025-07-12,06. RPK,176715.0,181797.0
Reg. SP,geral,2026-07-11,2025-07-12,07. Load Factor,0.07370812142830627,0.04872959213623282
Reg. SP,geral,2026-07-11,2025-07-12,08. Ticket Médio,79.70939240506328,104.2151724137931
Reg. SP,geral,2026-07-11,2025-07-12,09. GMV,32042.5,37441.2
Reg. SP,geral,2026-07-12,2025-07-13,01. RASK,0.01604045350541914,0.018527347455577246
Reg. SP,geral,2026-07-12,2025-07-13,02. Yield,0.22899729562412433,0.25633355076574027
Reg. SP,geral,2026-07-12,2025-07-13,03. Grupos Realizados,205.0,262.0
Reg. SP,geral,2026-07-12,2025-07-13,04. Pax Total,649.0,743.0
Reg. SP,geral,2026-07-12,2025-07-13,05. ASK,4437786.0,5023045.0
Reg. SP,geral,2026-07-12,2025-07-13,06. RPK,306910.0,352600.0
Reg. SP,geral,2026-07-12,2025-07-13,07. Load Factor,0.0691583595964294,0.07019646449514189
Reg. SP,geral,2026-07-12,2025-07-13,08. Ticket Médio,108.29208012326656,121.64631224764472
Reg. SP,geral,2026-07-12,2025-07-13,09. GMV,71184.1,93063.7
Reg. SP,geral,2026-07-13,2025-07-14,01. RASK,0.010128953255895606,0.010746471631930222
Reg. SP,geral,2026-07-13,2025-07-14,02. Yield,0.1988817326439918,0.19946370150060835
Reg. SP,geral,2026-07-13,2025-07-14,03. Grupos Realizados,149.0,211.0
Reg. SP,geral,2026-07-13,2025-07-14,04. Pax Total,345.0,428.0
Reg. SP,geral,2026-07-13,2025-07-14,05. ASK,3446210.0,4209028.0
Reg. SP,geral,2026-07-13,2025-07-14,06. RPK,170791.0,221910.0
Reg. SP,geral,2026-07-13,2025-07-14,07. Load Factor,0.04955908084533444,0.05272238626115103
Reg. SP,geral,2026-07-13,2025-07-14,08. Ticket Médio,98.45568115942031,103.41820093457943
Reg. SP,geral,2026-07-13,2025-07-14,09. GMV,34906.5,45232.200000000004
Reg. SP,geral,2026-07-14,2025-07-15,01. RASK,0.008951148963794073,0.00822215833941691
Reg. SP,geral,2026-07-14,2025-07-15,02. Yield,0.17319386540845963,0.19999503409135697
Reg. SP,geral,2026-07-14,2025-07-15,03. Grupos Realizados,97.0,152.0
Reg. SP,geral,2026-07-14,2025-07-15,04. Pax Total,224.0,214.0
Reg. SP,geral,2026-07-14,2025-07-15,05. ASK,2366132.0,3172476.0
Reg. SP,geral,2026-07-14,2025-07-15,06. RPK,120171.0,126865.0
Reg. SP,geral,2026-07-14,2025-07-15,07. Load Factor,0.050787952658600616,0.03998927021039718
Reg. SP,geral,2026-07-14,2025-07-15,08. Ticket Médio,92.91464285714287,118.56247663551403
Reg. SP,geral,2026-07-14,2025-07-15,09. GMV,21179.600000000002,26084.600000000002
Reg. SP,geral,2026-07-15,2025-07-16,01. RASK,0.010941582670658038,0.009676737967439161
Reg. SP,geral,2026-07-15,2025-07-16,02. Yield,0.16977457878768315,0.19954373711930387
Reg. SP,geral,2026-07-15,2025-07-16,03. Grupos Realizados,100.0,159.0
Reg. SP,geral,2026-07-15,2025-07-16,04. Pax Total,250.0,275.0
Reg. SP,geral,2026-07-15,2025-07-16,05. ASK,2469661.0,3375466.0
Reg. SP,geral,2026-07-15,2025-07-16,06. RPK,154910.0,157212.0
Reg. SP,geral,2026-07-15,2025-07-16,07. Load Factor,0.062725208034625,0.046574902546789095
Reg. SP,geral,2026-07-15,2025-07-16,08. Ticket Médio,105.19912000000001,114.07516363636363
Reg. SP,geral,2026-07-15,2025-07-16,09. GMV,27021.999999999996,32663.499999999996
Reg. SP,geral,2026-07-16,2025-07-17,01. RASK,0.011518708305861783,0.014507806757608372
Reg. SP,geral,2026-07-16,2025-07-17,02. Yield,0.19394919157055587,0.20299009880050617
Reg. SP,geral,2026-07-16,2025-07-17,03. Grupos Realizados,145.0,203.0
Reg. SP,geral,2026-07-16,2025-07-17,04. Pax Total,343.0,485.0
Reg. SP,geral,2026-07-16,2025-07-17,05. ASK,3453573.0,4101895.0
Reg. SP,geral,2026-07-16,2025-07-17,06. RPK,200203.0,283703.0
Reg. SP,geral,2026-07-16,2025-07-17,07. Load Factor,0.05796981850390885,0.06916388644760531
Reg. SP,geral,2026-07-16,2025-07-17,08. Ticket Médio,113.20469387755102,118.74000000000002
Reg. SP,geral,2026-07-16,2025-07-17,09. GMV,39780.7,59509.5
Reg. SP,geral,2026-07-17,2025-07-18,01. RASK,0.009540200692120755,0.012938086355937885
Reg. SP,geral,2026-07-17,2025-07-18,02. Yield,0.19645774569571242,0.21704979556856932
Reg. SP,geral,2026-07-17,2025-07-18,03. Grupos Realizados,190.0,248.0
Reg. SP,geral,2026-07-17,2025-07-18,04. Pax Total,380.0,544.0
Reg. SP,geral,2026-07-17,2025-07-18,05. ASK,4279889.0,4907109.0
Reg. SP,geral,2026-07-17,2025-07-18,06. RPK,197826.0,280045.0
Reg. SP,geral,2026-07-17,2025-07-18,07. Load Factor,0.04622222679139576,0.05706924382564153
Reg. SP,geral,2026-07-17,2025-07-18,08. Ticket Médio,102.27486842105263,111.73476102941176
Reg. SP,geral,2026-07-17,2025-07-18,09. GMV,40831.0,63488.59999999999
Reg. SP,geral,2026-07-18,2025-07-19,01. RASK,0.013635685448094239,0.009936076224109113
Reg. SP,geral,2026-07-18,2025-07-19,02. Yield,0.18326489066086746,0.19885621215149663
Reg. SP,geral,2026-07-18,2025-07-19,03. Grupos Realizados,105.0,204.0
Reg. SP,geral,2026-07-18,2025-07-19,04. Pax Total,308.0,323.0
Reg. SP,geral,2026-07-18,2025-07-19,05. ASK,2265394.0,3814856.0
Reg. SP,geral,2026-07-18,2025-07-19,06. RPK,165540.0,185113.0
Reg. SP,geral,2026-07-18,2025-07-19,07. Load Factor,0.07307338149566919,0.04852424311690926
Reg. SP,geral,2026-07-18,2025-07-19,08. Ticket Médio,98.49892857142856,113.96554179566562
Reg. SP,geral,2026-07-18,2025-07-19,09. GMV,30890.200000000004,37904.7
Reg. SP,geral,2026-07-19,2025-07-20,01. RASK,0.011712489599958858,0.014447450448748756
Reg. SP,geral,2026-07-19,2025-07-20,02. Yield,0.20779074380841364,0.23737376067176102
Reg. SP,geral,2026-07-19,2025-07-20,03. Grupos Realizados,190.0,262.0
Reg. SP,geral,2026-07-19,2025-07-20,04. Pax Total,453.0,555.0
Reg. SP,geral,2026-07-19,2025-07-20,05. ASK,4355752.0,5018844.0
Reg. SP,geral,2026-07-19,2025-07-20,06. RPK,244485.0,299154.0
Reg. SP,geral,2026-07-19,2025-07-20,07. Load Factor,0.05612922866131956,0.05960615631806846
Reg. SP,geral,2026-07-19,2025-07-20,08. Ticket Médio,112.14507726269318,127.9483063063063
Reg. SP,geral,2026-07-19,2025-07-20,09. GMV,51016.7,72509.5
Reg. SP,geral,2026-07-20,2025-07-21,01. RASK,0.007694608747516611,0.010580067559768851
Reg. SP,geral,2026-07-20,2025-07-21,02. Yield,0.19535902078085643,0.2116086638729169
Reg. SP,geral,2026-07-20,2025-07-21,03. Grupos Realizados,143.0,208.0
Reg. SP,geral,2026-07-20,2025-07-21,04. Pax Total,235.0,388.0
Reg. SP,geral,2026-07-20,2025-07-21,05. ASK,3272746.0,4158688.0
Reg. SP,geral,2026-07-20,2025-07-21,06. RPK,127040.0,205220.0
Reg. SP,geral,2026-07-20,2025-07-21,07. Load Factor,0.038817555655098195,0.04934729414661547
Reg. SP,geral,2026-07-20,2025-07-21,08. Ticket Médio,105.61025531914893,111.92353092783506
Reg. SP,geral,2026-07-20,2025-07-21,09. GMV,25182.5,43999.2
Reg. SP,geral,2026-07-21,2025-07-22,01. RASK,0.007762706739844924,0.007258656510461886
Reg. SP,geral,2026-07-21,2025-07-22,02. Yield,0.16609544363580053,0.19177165218590542
Reg. SP,geral,2026-07-21,2025-07-22,03. Grupos Realizados,90.0,151.0
Reg. SP,geral,2026-07-21,2025-07-22,04. Pax Total,174.0,215.0
Reg. SP,geral,2026-07-21,2025-07-22,05. ASK,2321819.0,3161811.0
Reg. SP,geral,2026-07-21,2025-07-22,06. RPK,103328.0,116016.0
Reg. SP,geral,2026-07-21,2025-07-22,07. Load Factor,0.044503038350534645,0.0366928953058864
Reg. SP,geral,2026-07-21,2025-07-22,08. Ticket Médio,98.63396551724139,103.48176744186047
Reg. SP,geral,2026-07-21,2025-07-22,09. GMV,18023.6,22950.5
Reg. SP,geral,2026-07-22,2025-07-23,01. RASK,0.008805146346212716,0.009088747313597899
Reg. SP,geral,2026-07-22,2025-07-23,02. Yield,0.17754393954884704,0.18610993005937404
Reg. SP,geral,2026-07-22,2025-07-23,03. Grupos Realizados,91.0,158.0
Reg. SP,geral,2026-07-22,2025-07-23,04. Pax Total,182.0,272.0
Reg. SP,geral,2026-07-22,2025-07-23,05. ASK,2244233.0,3347414.0
Reg. SP,geral,2026-07-22,2025-07-23,06. RPK,107591.0,158992.0
Reg. SP,geral,2026-07-22,2025-07-23,07. Load Factor,0.04794110058982289,0.047496963327511924
Reg. SP,geral,2026-07-22,2025-07-23,08. Ticket Médio,104.95675824175825,108.78672794117647
Reg. SP,geral,2026-07-22,2025-07-23,09. GMV,19760.8,30423.8
Reg. SP,geral,2026-07-23,2025-07-24,01. RASK,0.006650045737899547,0.007986604249686308
Reg. SP,geral,2026-07-23,2025-07-24,02. Yield,0.18612291586595658,0.19785405989522445
Reg. SP,geral,2026-07-23,2025-07-24,03. Grupos Realizados,137.0,201.0
Reg. SP,geral,2026-07-23,2025-07-24,04. Pax Total,220.0,291.0
Reg. SP,geral,2026-07-23,2025-07-24,05. ASK,3185542.0,4061288.0
Reg. SP,geral,2026-07-23,2025-07-24,06. RPK,109278.0,158243.0
Reg. SP,geral,2026-07-23,2025-07-24,07. Load Factor,0.03430436641551108,0.038963747461396483
Reg. SP,geral,2026-07-23,2025-07-24,08. Ticket Médio,92.45063636363636,107.59113402061855
Reg. SP,geral,2026-07-23,2025-07-24,09. GMV,21183.999999999996,32435.9
Reg. SP,geral,2026-07-24,2025-07-25,01. RASK,0.00792681305460524,0.008021324631323577
Reg. SP,geral,2026-07-24,2025-07-25,02. Yield,0.1835456004984185,0.21585246376811595
Reg. SP,geral,2026-07-24,2025-07-25,03. Grupos Realizados,177.0,240.0
Reg. SP,geral,2026-07-24,2025-07-25,04. Pax Total,296.0,340.0
Reg. SP,geral,2026-07-24,2025-07-25,05. ASK,3986394.0,4758441.0
Reg. SP,geral,2026-07-24,2025-07-25,06. RPK,166928.0,172500.0
Reg. SP,geral,2026-07-24,2025-07-25,07. Load Factor,0.04187443589369239,0.03625136888321196
Reg. SP,geral,2026-07-24,2025-07-25,08. Ticket Médio,103.50979729729731,109.51338235294118
Reg. SP,geral,2026-07-24,2025-07-25,09. GMV,31599.4,38169.0
Reg. SP,geral,2026-07-25,2025-07-26,01. RASK,0.011576254898324395,0.007504434778969327
Reg. SP,geral,2026-07-25,2025-07-26,02. Yield,0.18701434076694673,0.20430682773574055
Reg. SP,geral,2026-07-25,2025-07-26,03. Grupos Realizados,96.0,200.0
Reg. SP,geral,2026-07-25,2025-07-26,04. Pax Total,221.0,263.0
Reg. SP,geral,2026-07-25,2025-07-26,05. ASK,2075965.0,3727356.0
Reg. SP,geral,2026-07-25,2025-07-26,06. RPK,126632.0,135594.0
Reg. SP,geral,2026-07-25,2025-07-26,07. Load Factor,0.06099910162261888,0.03637806530956528
Reg. SP,geral,2026-07-25,2025-07-26,08. Ticket Médio,107.15837104072398,105.33376425855514
Reg. SP,geral,2026-07-25,2025-07-26,09. GMV,24031.9,27971.7
Reg. SP,geral,2026-07-26,2025-07-27,01. RASK,0.007174261280960971,0.008210711545183179
Reg. SP,geral,2026-07-26,2025-07-27,02. Yield,0.20477900435646912,0.2399860760855275
Reg. SP,geral,2026-07-26,2025-07-27,03. Grupos Realizados,176.0,260.0
Reg. SP,geral,2026-07-26,2025-07-27,04. Pax Total,295.0,356.0
Reg. SP,geral,2026-07-26,2025-07-27,05. ASK,4087041.0,4978180.0
Reg. SP,geral,2026-07-26,2025-07-27,06. RPK,141858.0,167338.0
Reg. SP,geral,2026-07-26,2025-07-27,07. Load Factor,0.03470921872327681,0.03361429277366427
Reg. SP,geral,2026-07-26,2025-07-27,08. Ticket Médio,98.47301694915255,112.80558988764045
Reg. SP,geral,2026-07-26,2025-07-27,09. GMV,29321.5,40874.4
Reg. SP,geral,2026-07-27,2025-07-28,01. RASK,0.0058024957042372245,0.006181389928376059
Reg. SP,geral,2026-07-27,2025-07-28,02. Yield,0.19519226539013482,0.19801672723884076
Reg. SP,geral,2026-07-27,2025-07-28,03. Grupos Realizados,138.0,207.0
Reg. SP,geral,2026-07-27,2025-07-28,04. Pax Total,185.0,253.0
Reg. SP,geral,2026-07-27,2025-07-28,05. ASK,3303837.0,4147077.0
Reg. SP,geral,2026-07-27,2025-07-28,06. RPK,95467.0,128772.0
Reg. SP,geral,2026-07-27,2025-07-28,07. Load Factor,0.028895796009306755,0.031051268158271476
Reg. SP,geral,2026-07-27,2025-07-28,08. Ticket Médio,100.72659459459459,100.78660079051384
Reg. SP,geral,2026-07-27,2025-07-28,09. GMV,19170.5,25634.700000000004
Reg. SP,geral,2026-07-28,2025-07-29,01. RASK,0.006522881155123997,0.003611614247064592
Reg. SP,geral,2026-07-28,2025-07-29,02. Yield,0.16651195034992738,0.17827559805356108
Reg. SP,geral,2026-07-28,2025-07-29,03. Grupos Realizados,79.0,145.0
Reg. SP,geral,2026-07-28,2025-07-29,04. Pax Total,118.0,105.0
Reg. SP,geral,2026-07-28,2025-07-29,05. ASK,1983510.0,3055282.0
Reg. SP,geral,2026-07-28,2025-07-29,06. RPK,75730.0,58774.0
Reg. SP,geral,2026-07-28,2025-07-29,07. Load Factor,0.03817979238824105,0.019236849495398462
Reg. SP,geral,2026-07-28,2025-07-29,08. Ticket Médio,106.86398305084745,99.79019047619047
Reg. SP,geral,2026-07-28,2025-07-29,09. GMV,12938.2,11034.5
Reg. SP,geral,2026-07-29,2025-07-30,01. RASK,0.005536900049872062,0.0028288090417613798
Reg. SP,geral,2026-07-29,2025-07-30,02. Yield,0.17413866289352672,0.1965381560588172
Reg. SP,geral,2026-07-29,2025-07-30,03. Grupos Realizados,86.0,154.0
Reg. SP,geral,2026-07-29,2025-07-30,04. Pax Total,119.0,83.0
Reg. SP,geral,2026-07-29,2025-07-30,05. ASK,2179577.0,3283608.0
Reg. SP,geral,2026-07-29,2025-07-30,06. RPK,65021.0,46585.0
Reg. SP,geral,2026-07-29,2025-07-30,07. Load Factor,0.029831935279184905,0.014187138050583383
Reg. SP,geral,2026-07-29,2025-07-30,08. Ticket Médio,95.14848739495797,110.30999999999999
Reg. SP,geral,2026-07-29,2025-07-30,09. GMV,12068.1,9288.7
Reg. SP,geral,2026-07-30,2025-07-31,01. RASK,0.004880858143504506,0.004667881956800896
Reg. SP,geral,2026-07-30,2025-07-31,02. Yield,0.15448024179711217,0.18798826168387126
Reg. SP,geral,2026-07-30,2025-07-31,03. Grupos Realizados,109.0,197.0
Reg. SP,geral,2026-07-30,2025-07-31,04. Pax Total,138.0,179.0
Reg. SP,geral,2026-07-30,2025-07-31,05. ASK,2545495.0,3990268.0
Reg. SP,geral,2026-07-30,2025-07-31,06. RPK,75766.0,91836.0
Reg. SP,geral,2026-07-30,2025-07-31,07. Load Factor,0.02976474123893388,0.023014995484012604
Reg. SP,geral,2026-07-30,2025-07-31,08. Ticket Médio,84.81413043478261,96.44743016759777
Reg. SP,geral,2026-07-30,2025-07-31,09. GMV,12424.2,18626.100000000002
Reg. SP,geral,2026-07-31,2025-08-01,01. RASK,0.005107633826665146,0.006215526848026926
Reg. SP,geral,2026-07-31,2025-08-01,02. Yield,0.17586811469985136,0.19437702909435767
Reg. SP,geral,2026-07-31,2025-08-01,03. Grupos Realizados,145.0,239.0
Reg. SP,geral,2026-07-31,2025-08-01,04. Pax Total,188.0,298.0
Reg. SP,geral,2026-07-31,2025-08-01,05. ASK,3297848.0,4737201.0
Reg. SP,geral,2026-07-31,2025-08-01,06. RPK,92171.0,144461.0
Reg. SP,geral,2026-07-31,2025-08-01,07. Load Factor,0.02794883208686392,0.030495011716834476
Reg. SP,geral,2026-07-31,2025-08-01,08. Ticket Médio,86.223085106383,94.22785234899328
Reg. SP,geral,2026-07-31,2025-08-01,09. GMV,16844.2,29444.200000000004
Reg. SP,geral,2026-08-01,2025-08-02,01. RASK,0.006753213003834406,0.004408149259243802
Reg. SP,geral,2026-08-01,2025-08-02,02. Yield,0.1638627471303086,0.19687366273573167
Reg. SP,geral,2026-08-01,2025-08-02,03. Grupos Realizados,89.0,196.0
Reg. SP,geral,2026-08-01,2025-08-02,04. Pax Total,145.0,175.0
Reg. SP,geral,2026-08-01,2025-08-02,05. ASK,1900947.0,3666051.0
Reg. SP,geral,2026-08-01,2025-08-02,06. RPK,77186.0,80388.0
Reg. SP,geral,2026-08-01,2025-08-02,07. Load Factor,0.040603972651525794,0.021927681857126374
Reg. SP,geral,2026-08-01,2025-08-02,08. Ticket Médio,87.22696551724138,90.4358857142857
Reg. SP,geral,2026-08-01,2025-08-02,09. GMV,12837.500000000002,16160.5
Reg. SP,geral,2026-08-02,2025-08-03,01. RASK,0.006707701304135223,0.006744162170178302
Reg. SP,geral,2026-08-02,2025-08-03,02. Yield,0.20104315618780866,0.21921335151170518
Reg. SP,geral,2026-08-02,2025-08-03,03. Grupos Realizados,148.0,253.0
Reg. SP,geral,2026-08-02,2025-08-03,04. Pax Total,228.0,318.0
Reg. SP,geral,2026-08-02,2025-08-03,05. ASK,3372273.0,4909016.0
Reg. SP,geral,2026-08-02,2025-08-03,06. RPK,108536.0,145961.0
Reg. SP,geral,2026-08-02,2025-08-03,07. Load Factor,0.032184820149495606,0.029733250003666722
Reg. SP,geral,2026-08-02,2025-08-03,08. Ticket Médio,95.70359649122808,100.61823899371069
Reg. SP,geral,2026-08-02,2025-08-03,09. GMV,22620.2,33107.2
Reg. SP,fixo,2026-07-02,2025-07-03,01. RASK,0.01759398971042116,0.016192003801045005
Reg. SP,fixo,2026-07-02,2025-07-03,02. Yield,0.18956272602506438,0.2053467461611177
Reg. SP,fixo,2026-07-02,2025-07-03,03. Grupos Realizados,145.0,163.0
Reg. SP,fixo,2026-07-02,2025-07-03,04. Pax Total,586.0,505.0
Reg. SP,fixo,2026-07-02,2025-07-03,05. ASK,3293818.0,3527451.0
Reg. SP,fixo,2026-07-02,2025-07-03,06. RPK,299469.0,268698.0
Reg. SP,fixo,2026-07-02,2025-07-03,07. Load Factor,0.0909185024794934,0.07617341814244903
Reg. SP,fixo,2026-07-02,2025-07-03,08. Ticket Médio,96.87399317406143,109.25992079207921
Reg. SP,fixo,2026-07-02,2025-07-03,09. GMV,57951.4,57116.5
Reg. SP,fixo,2026-07-03,2025-07-04,01. RASK,0.016098720130698404,0.017248116084738575
Reg. SP,fixo,2026-07-03,2025-07-04,02. Yield,0.19942903802687464,0.2207226131579756
Reg. SP,fixo,2026-07-03,2025-07-04,03. Grupos Realizados,194.0,218.0
Reg. SP,fixo,2026-07-03,2025-07-04,04. Pax Total,668.0,731.0
Reg. SP,fixo,2026-07-03,2025-07-04,05. ASK,4090027.0,4387140.0
Reg. SP,fixo,2026-07-03,2025-07-04,06. RPK,322088.0,325430.0
Reg. SP,fixo,2026-07-03,2025-07-04,07. Load Factor,0.07874960238648791,0.07417816618571553
Reg. SP,fixo,2026-07-03,2025-07-04,08. Ticket Médio,96.15823353293412,98.26232558139534
Reg. SP,fixo,2026-07-03,2025-07-04,09. GMV,65844.2,75669.9
Reg. SP,fixo,2026-07-04,2025-07-05,01. RASK,0.015667809362927086,0.011357965591988815
Reg. SP,fixo,2026-07-04,2025-07-05,02. Yield,0.17936746850291735,0.20862174463182945
Reg. SP,fixo,2026-07-04,2025-07-05,03. Grupos Realizados,125.0,162.0
Reg. SP,fixo,2026-07-04,2025-07-05,04. Pax Total,463.0,329.0
Reg. SP,fixo,2026-07-04,2025-07-05,05. ASK,2320535.0,2962159.0
Reg. SP,fixo,2026-07-04,2025-07-05,06. RPK,196923.0,158853.0
Reg. SP,fixo,2026-07-04,2025-07-05,07. Load Factor,0.08486103420116482,0.05362743863513066
Reg. SP,fixo,2026-07-04,2025-07-05,08. Ticket Médio,76.28850971922246,100.73006079027357
Reg. SP,fixo,2026-07-04,2025-07-05,09. GMV,36357.700000000004,33644.1
Reg. SP,fixo,2026-07-05,2025-07-06,01. RASK,0.0165290093896285,0.020305298810878433
Reg. SP,fixo,2026-07-05,2025-07-06,02. Yield,0.22003638716963653,0.24095004797409936
Reg. SP,fixo,2026-07-05,2025-07-06,03. Grupos Realizados,202.0,226.0
Reg. SP,fixo,2026-07-05,2025-07-06,04. Pax Total,667.0,802.0
Reg. SP,fixo,2026-07-05,2025-07-06,05. ASK,4271841.0,4508370.0
Reg. SP,fixo,2026-07-05,2025-07-06,06. RPK,315221.0,373118.0
Reg. SP,fixo,2026-07-05,2025-07-06,07. Load Factor,0.07379043367953067,0.0827611753250066
Reg. SP,fixo,2026-07-05,2025-07-06,08. Ticket Médio,103.98814092953523,112.0982543640898
Reg. SP,fixo,2026-07-05,2025-07-06,09. GMV,70609.3,91543.8
Reg. SP,fixo,2026-07-06,2025-07-07,01. RASK,0.011172121970495257,0.012745371200682866
Reg. SP,fixo,2026-07-06,2025-07-07,02. Yield,0.186013970374069,0.20496307422185422
Reg. SP,fixo,2026-07-06,2025-07-07,03. Grupos Realizados,154.0,199.0
Reg. SP,fixo,2026-07-06,2025-07-07,04. Pax Total,393.0,511.0
Reg. SP,fixo,2026-07-06,2025-07-07,05. ASK,3279744.0,4008977.0
Reg. SP,fixo,2026-07-06,2025-07-07,06. RPK,192264.0,240347.0
Reg. SP,fixo,2026-07-06,2025-07-07,07. Load Factor,0.058621648518908796,0.059952202270055426
Reg. SP,fixo,2026-07-06,2025-07-07,08. Ticket Médio,91.00201017811703,96.4036399217221
Reg. SP,fixo,2026-07-06,2025-07-07,09. GMV,36641.7,51095.9
Reg. SP,fixo,2026-07-07,2025-07-08,01. RASK,0.011773377967876275,0.00817898327308868
Reg. SP,fixo,2026-07-07,2025-07-08,02. Yield,0.1693275373395752,0.19373078829945467
Reg. SP,fixo,2026-07-07,2025-07-08,03. Grupos Realizados,97.0,144.0
Reg. SP,fixo,2026-07-07,2025-07-08,04. Pax Total,294.0,245.0
Reg. SP,fixo,2026-07-07,2025-07-08,05. ASK,2342879.0,3062789.0
Reg. SP,fixo,2026-07-07,2025-07-08,06. RPK,157005.0,125054.0
Reg. SP,fixo,2026-07-07,2025-07-08,07. Load Factor,0.06701370407946804,0.040830106154880405
Reg. SP,fixo,2026-07-07,2025-07-08,08. Ticket Médio,90.42608843537414,98.8849387755102
Reg. SP,fixo,2026-07-07,2025-07-08,09. GMV,27583.6,25050.499999999996
Reg. SP,fixo,2026-07-08,2025-07-09,01. RASK,0.01217171613161935,0.022604927894784625
Reg. SP,fixo,2026-07-08,2025-07-09,02. Yield,0.18767205455618352,0.2237038295580589
Reg. SP,fixo,2026-07-08,2025-07-09,03. Grupos Realizados,109.0,150.0
Reg. SP,fixo,2026-07-08,2025-07-09,04. Pax Total,322.0,598.0
Reg. SP,fixo,2026-07-08,2025-07-09,05. ASK,2573573.0,3238462.0
Reg. SP,fixo,2026-07-08,2025-07-09,06. RPK,164381.0,311942.0
Reg. SP,fixo,2026-07-08,2025-07-09,07. Load Factor,0.06387267817932502,0.09632411928872409
Reg. SP,fixo,2026-07-08,2025-07-09,08. Ticket Médio,95.80658385093169,116.69334448160537
Reg. SP,fixo,2026-07-08,2025-07-09,09. GMV,31324.8,73205.2
Reg. SP,fixo,2026-07-09,2025-07-10,01. RASK,0.014653942077489285,0.01605796106786779
Reg. SP,fixo,2026-07-09,2025-07-10,02. Yield,0.19678440123347507,0.20571473779981278
Reg. SP,fixo,2026-07-09,2025-07-10,03. Grupos Realizados,146.0,196.0
Reg. SP,fixo,2026-07-09,2025-07-10,04. Pax Total,451.0,563.0
Reg. SP,fixo,2026-07-09,2025-07-10,05. ASK,3363252.0,4033121.0
Reg. SP,fixo,2026-07-09,2025-07-10,06. RPK,242891.0,303356.0
Reg. SP,fixo,2026-07-09,2025-07-10,07. Load Factor,0.07221909033280884,0.07521619113336793
Reg. SP,fixo,2026-07-09,2025-07-10,08. Ticket Médio,105.98039911308204,110.84333925399645
Reg. SP,fixo,2026-07-09,2025-07-10,09. GMV,49284.90000000001,64763.70000000001
Reg. SP,fixo,2026-07-10,2025-07-11,01. RASK,0.014440751643348489,0.013523247522723686
Reg. SP,fixo,2026-07-10,2025-07-11,02. Yield,0.21026596730548242,0.21234117145218476
Reg. SP,fixo,2026-07-10,2025-07-11,03. Grupos Realizados,191.0,241.0
Reg. SP,fixo,2026-07-10,2025-07-11,04. Pax Total,517.0,572.0
Reg. SP,fixo,2026-07-10,2025-07-11,05. ASK,4059851.0,4841204.0
Reg. SP,fixo,2026-07-10,2025-07-11,06. RPK,269770.0,300072.0
Reg. SP,fixo,2026-07-10,2025-07-11,07. Load Factor,0.06644825142597598,0.06198292821372534
Reg. SP,fixo,2026-07-10,2025-07-11,08. Ticket Médio,109.71653771760154,111.39447552447551
Reg. SP,fixo,2026-07-10,2025-07-11,09. GMV,58627.299999999996,65468.799999999996
Reg. SP,fixo,2026-07-11,2025-07-12,01. RASK,0.013364980227295384,0.010144986832803566
Reg. SP,fixo,2026-07-11,2025-07-12,02. Yield,0.17816942534589594,0.19949108071090285
Reg. SP,fixo,2026-07-11,2025-07-12,03. Grupos Realizados,126.0,192.0
Reg. SP,fixo,2026-07-11,2025-07-12,04. Pax Total,395.0,348.0
Reg. SP,fixo,2026-07-11,2025-07-12,05. ASK,2397497.0,3690611.0
Reg. SP,fixo,2026-07-11,2025-07-12,06. RPK,176715.0,181797.0
Reg. SP,fixo,2026-07-11,2025-07-12,07. Load Factor,0.07370812142830627,0.04925932318523952
Reg. SP,fixo,2026-07-11,2025-07-12,08. Ticket Médio,79.7093924050633,104.21517241379311
Reg. SP,fixo,2026-07-11,2025-07-12,09. GMV,32042.5,37441.200000000004
Reg. SP,fixo,2026-07-12,2025-07-13,01. RASK,0.016548595972724987,0.018647167650498238
Reg. SP,fixo,2026-07-12,2025-07-13,02. Yield,0.22899729562412433,0.255614208147369
Reg. SP,fixo,2026-07-12,2025-07-13,03. Grupos Realizados,200.0,250.0
Reg. SP,fixo,2026-07-12,2025-07-13,04. Pax Total,649.0,741.0
Reg. SP,fixo,2026-07-12,2025-07-13,05. ASK,4301519.0,4965789.0
Reg. SP,fixo,2026-07-12,2025-07-13,06. RPK,306910.0,351770.0
Reg. SP,fixo,2026-07-12,2025-07-13,07. Load Factor,0.07134921407995641,0.07083869250183607
Reg. SP,fixo,2026-07-12,2025-07-13,08. Ticket Médio,108.29208012326656,121.34603238866397
Reg. SP,fixo,2026-07-12,2025-07-13,09. GMV,71184.1,92597.9
Reg. SP,fixo,2026-07-13,2025-07-14,01. RASK,0.010128953255895606,0.010784032302363552
Reg. SP,fixo,2026-07-13,2025-07-14,02. Yield,0.19888173264399178,0.19946370150060838
Reg. SP,fixo,2026-07-13,2025-07-14,03. Grupos Realizados,149.0,207.0
Reg. SP,fixo,2026-07-13,2025-07-14,04. Pax Total,345.0,428.0
Reg. SP,fixo,2026-07-13,2025-07-14,05. ASK,3446210.0,4194368.0
Reg. SP,fixo,2026-07-13,2025-07-14,06. RPK,170791.0,221910.0
Reg. SP,fixo,2026-07-13,2025-07-14,07. Load Factor,0.04955908084533444,0.052906659596868945
Reg. SP,fixo,2026-07-13,2025-07-14,08. Ticket Médio,98.4556811594203,103.41820093457943
Reg. SP,fixo,2026-07-13,2025-07-14,09. GMV,34906.5,45232.200000000004
Reg. SP,fixo,2026-07-14,2025-07-15,01. RASK,0.008951148963794075,0.008256135619828955
Reg. SP,fixo,2026-07-14,2025-07-15,02. Yield,0.1731938654084596,0.1999950340913569
Reg. SP,fixo,2026-07-14,2025-07-15,03. Grupos Realizados,97.0,148.0
Reg. SP,fixo,2026-07-14,2025-07-15,04. Pax Total,224.0,214.0
Reg. SP,fixo,2026-07-14,2025-07-15,05. ASK,2366132.0,3159420.0
Reg. SP,fixo,2026-07-14,2025-07-15,06. RPK,120171.0,126865.0
Reg. SP,fixo,2026-07-14,2025-07-15,07. Load Factor,0.050787952658600616,0.04015452203252496
Reg. SP,fixo,2026-07-14,2025-07-15,08. Ticket Médio,92.91464285714287,118.56247663551403
Reg. SP,fixo,2026-07-14,2025-07-15,09. GMV,21179.600000000002,26084.600000000002
Reg. SP,fixo,2026-07-15,2025-07-16,01. RASK,0.010941582670658038,0.00971431205593607
Reg. SP,fixo,2026-07-15,2025-07-16,02. Yield,0.16977457878768315,0.19954373711930387
Reg. SP,fixo,2026-07-15,2025-07-16,03. Grupos Realizados,100.0,155.0
Reg. SP,fixo,2026-07-15,2025-07-16,04. Pax Total,250.0,275.0
Reg. SP,fixo,2026-07-15,2025-07-16,05. ASK,2469661.0,3362410.0
Reg. SP,fixo,2026-07-15,2025-07-16,06. RPK,154910.0,157212.0
Reg. SP,fixo,2026-07-15,2025-07-16,07. Load Factor,0.062725208034625,0.04675574959627172
Reg. SP,fixo,2026-07-15,2025-07-16,08. Ticket Médio,105.19912000000001,114.07516363636363
Reg. SP,fixo,2026-07-15,2025-07-16,09. GMV,27022.0,32663.499999999996
Reg. SP,fixo,2026-07-16,2025-07-17,01. RASK,0.011642414988891904,0.01456575879772125
Reg. SP,fixo,2026-07-16,2025-07-17,02. Yield,0.19394919157055593,0.20299009880050614
Reg. SP,fixo,2026-07-16,2025-07-17,03. Grupos Realizados,143.0,199.0
Reg. SP,fixo,2026-07-16,2025-07-17,04. Pax Total,343.0,485.0
Reg. SP,fixo,2026-07-16,2025-07-17,05. ASK,3416877.0,4085575.0
Reg. SP,fixo,2026-07-16,2025-07-17,06. RPK,200203.0,283703.0
Reg. SP,fixo,2026-07-16,2025-07-17,07. Load Factor,0.05859239299512391,0.06944016448113179
Reg. SP,fixo,2026-07-16,2025-07-17,08. Ticket Médio,113.20469387755102,118.74000000000001
Reg. SP,fixo,2026-07-16,2025-07-17,09. GMV,39780.7,59509.49999999999
Reg. SP,fixo,2026-07-17,2025-07-18,01. RASK,0.00987526339467416,0.012988937166855775
Reg. SP,fixo,2026-07-17,2025-07-18,02. Yield,0.19609728449283761,0.21704979556856932
Reg. SP,fixo,2026-07-17,2025-07-18,03. Grupos Realizados,183.0,244.0
Reg. SP,fixo,2026-07-17,2025-07-18,04. Pax Total,378.0,544.0
Reg. SP,fixo,2026-07-17,2025-07-18,05. ASK,4105531.0,4887898.0
Reg. SP,fixo,2026-07-17,2025-07-18,06. RPK,196722.0,280045.0
Reg. SP,fixo,2026-07-17,2025-07-18,07. Load Factor,0.0479163353047389,0.057293544177885875
Reg. SP,fixo,2026-07-17,2025-07-18,08. Ticket Médio,102.05462962962962,111.73476102941176
Reg. SP,fixo,2026-07-17,2025-07-18,09. GMV,40543.200000000004,63488.6
Reg. SP,fixo,2026-07-18,2025-07-19,01. RASK,0.013635685448094239,0.009984618791883724
Reg. SP,fixo,2026-07-18,2025-07-19,02. Yield,0.18326489066086749,0.1981807892470905
Reg. SP,fixo,2026-07-18,2025-07-19,03. Grupos Realizados,105.0,196.0
Reg. SP,fixo,2026-07-18,2025-07-19,04. Pax Total,308.0,317.0
Reg. SP,fixo,2026-07-18,2025-07-19,05. ASK,2265394.0,3774736.0
Reg. SP,fixo,2026-07-18,2025-07-19,06. RPK,165540.0,184657.0
Reg. SP,fixo,2026-07-18,2025-07-19,07. Load Factor,0.07307338149566919,0.04891918269251148
Reg. SP,fixo,2026-07-18,2025-07-19,08. Ticket Médio,98.49892857142858,115.44312302839117
Reg. SP,fixo,2026-07-18,2025-07-19,09. GMV,30890.2,37689.3
Reg. SP,fixo,2026-07-19,2025-07-20,01. RASK,0.012159960300000048,0.014467545471328934
Reg. SP,fixo,2026-07-19,2025-07-20,02. Yield,0.20779074380841359,0.23613333333333336
Reg. SP,fixo,2026-07-19,2025-07-20,03. Grupos Realizados,184.0,250.0
Reg. SP,fixo,2026-07-19,2025-07-20,04. Pax Total,453.0,540.0
Reg. SP,fixo,2026-07-19,2025-07-20,05. ASK,4195466.0,4961588.0
Reg. SP,fixo,2026-07-19,2025-07-20,06. RPK,244485.0,297675.0
Reg. SP,fixo,2026-07-19,2025-07-20,07. Load Factor,0.05827362204818249,0.05999591259895017
Reg. SP,fixo,2026-07-19,2025-07-20,08. Ticket Médio,112.14507726269316,130.16850000000002
Reg. SP,fixo,2026-07-19,2025-07-20,09. GMV,51016.700000000004,71782.0
Reg. SP,fixo,2026-07-20,2025-07-21,01. RASK,0.007746874025199759,0.010617495827730895
Reg. SP,fixo,2026-07-20,2025-07-21,02. Yield,0.19535902078085643,0.21160866387291688
Reg. SP,fixo,2026-07-20,2025-07-21,03. Grupos Realizados,142.0,204.0
Reg. SP,fixo,2026-07-20,2025-07-21,04. Pax Total,235.0,388.0
Reg. SP,fixo,2026-07-20,2025-07-21,05. ASK,3250666.0,4144028.0
Reg. SP,fixo,2026-07-20,2025-07-21,06. RPK,127040.0,205220.0
Reg. SP,fixo,2026-07-20,2025-07-21,07. Load Factor,0.03908122212494301,0.04952186616499695
Reg. SP,fixo,2026-07-20,2025-07-21,08. Ticket Médio,105.61025531914893,111.92353092783506
Reg. SP,fixo,2026-07-20,2025-07-21,09. GMV,25182.500000000004,43999.2
Reg. SP,fixo,2026-07-21,2025-07-22,01. RASK,0.007762706739844923,0.007288753809045163
Reg. SP,fixo,2026-07-21,2025-07-22,02. Yield,0.16609544363580056,0.19177165218590542
Reg. SP,fixo,2026-07-21,2025-07-22,03. Grupos Realizados,90.0,147.0
Reg. SP,fixo,2026-07-21,2025-07-22,04. Pax Total,174.0,215.0
Reg. SP,fixo,2026-07-21,2025-07-22,05. ASK,2321819.0,3148755.0
Reg. SP,fixo,2026-07-21,2025-07-22,06. RPK,103328.0,116016.0
Reg. SP,fixo,2026-07-21,2025-07-22,07. Load Factor,0.044503038350534645,0.036845038753412065
Reg. SP,fixo,2026-07-21,2025-07-22,08. Ticket Médio,98.63396551724139,103.48176744186047
Reg. SP,fixo,2026-07-21,2025-07-22,09. GMV,18023.6,22950.5
Reg. SP,fixo,2026-07-22,2025-07-23,01. RASK,0.008805146346212715,0.009124335179365861
Reg. SP,fixo,2026-07-22,2025-07-23,02. Yield,0.17754393954884704,0.18610993005937404
Reg. SP,fixo,2026-07-22,2025-07-23,03. Grupos Realizados,91.0,154.0
Reg. SP,fixo,2026-07-22,2025-07-23,04. Pax Total,182.0,272.0
Reg. SP,fixo,2026-07-22,2025-07-23,05. ASK,2244233.0,3334358.0
Reg. SP,fixo,2026-07-22,2025-07-23,06. RPK,107591.0,158992.0
Reg. SP,fixo,2026-07-22,2025-07-23,07. Load Factor,0.04794110058982289,0.04768294226354818
Reg. SP,fixo,2026-07-22,2025-07-23,08. Ticket Médio,104.95675824175825,108.78672794117648
Reg. SP,fixo,2026-07-22,2025-07-23,09. GMV,19760.800000000003,30423.8
Reg. SP,fixo,2026-07-23,2025-07-24,01. RASK,0.006787624632566628,0.008018827343009882
Reg. SP,fixo,2026-07-23,2025-07-24,02. Yield,0.18612291586595656,0.19785405989522445
Reg. SP,fixo,2026-07-23,2025-07-24,03. Grupos Realizados,134.0,197.0
Reg. SP,fixo,2026-07-23,2025-07-24,04. Pax Total,220.0,291.0
Reg. SP,fixo,2026-07-23,2025-07-24,05. ASK,3120974.0,4044968.0
Reg. SP,fixo,2026-07-23,2025-07-24,06. RPK,109278.0,158243.0
Reg. SP,fixo,2026-07-23,2025-07-24,07. Load Factor,0.035014069325793803,0.039120952254752074
Reg. SP,fixo,2026-07-23,2025-07-24,08. Ticket Médio,92.45063636363638,107.59113402061855
Reg. SP,fixo,2026-07-23,2025-07-24,09. GMV,21183.999999999996,32435.9
Reg. SP,fixo,2026-07-24,2025-07-25,01. RASK,0.00820425519040325,0.008053839969784121
Reg. SP,fixo,2026-07-24,2025-07-25,02. Yield,0.18328965716209067,0.21585246376811595
Reg. SP,fixo,2026-07-24,2025-07-25,03. Grupos Realizados,171.0,236.0
Reg. SP,fixo,2026-07-24,2025-07-25,04. Pax Total,295.0,340.0
Reg. SP,fixo,2026-07-24,2025-07-25,05. ASK,3834047.0,4739230.0
Reg. SP,fixo,2026-07-24,2025-07-25,06. RPK,166376.0,172500.0
Reg. SP,fixo,2026-07-24,2025-07-25,07. Load Factor,0.043394355885569474,0.03639831787020254
Reg. SP,fixo,2026-07-24,2025-07-25,08. Ticket Médio,103.37288135593222,109.51338235294118
Reg. SP,fixo,2026-07-24,2025-07-25,09. GMV,31455.5,38169.0
Reg. SP,fixo,2026-07-25,2025-07-26,01. RASK,0.011576254898324395,0.0075384651267236475
Reg. SP,fixo,2026-07-25,2025-07-26,02. Yield,0.18701434076694678,0.2034829982259018
Reg. SP,fixo,2026-07-25,2025-07-26,03. Grupos Realizados,96.0,192.0
Reg. SP,fixo,2026-07-25,2025-07-26,04. Pax Total,221.0,259.0
Reg. SP,fixo,2026-07-25,2025-07-26,05. ASK,2075965.0,3687236.0
Reg. SP,fixo,2026-07-25,2025-07-26,06. RPK,126632.0,135280.0
Reg. SP,fixo,2026-07-25,2025-07-26,07. Load Factor,0.06099910162261888,0.036688728359128626
Reg. SP,fixo,2026-07-25,2025-07-26,08. Ticket Médio,107.15837104072399,106.28254826254826
Reg. SP,fixo,2026-07-25,2025-07-26,09. GMV,24031.900000000005,27796.1
Reg. SP,fixo,2026-07-26,2025-07-27,01. RASK,0.007461784486593397,0.008306244924733648
Reg. SP,fixo,2026-07-26,2025-07-27,02. Yield,0.20477900435646915,0.2399860760855275
Reg. SP,fixo,2026-07-26,2025-07-27,03. Grupos Realizados,170.0,248.0
Reg. SP,fixo,2026-07-26,2025-07-27,04. Pax Total,295.0,356.0
Reg. SP,fixo,2026-07-26,2025-07-27,05. ASK,3929556.0,4920924.0
Reg. SP,fixo,2026-07-26,2025-07-27,06. RPK,141858.0,167338.0
Reg. SP,fixo,2026-07-26,2025-07-27,07. Load Factor,0.03610026170895643,0.034005402237465975
Reg. SP,fixo,2026-07-26,2025-07-27,08. Ticket Médio,98.47301694915255,112.80558988764045
Reg. SP,fixo,2026-07-26,2025-07-27,09. GMV,29321.500000000004,40874.399999999994
Reg. SP,fixo,2026-07-27,2025-07-28,01. RASK,0.005880472769090562,0.006203318784140129
Reg. SP,fixo,2026-07-27,2025-07-28,02. Yield,0.1951922653901348,0.19801672723884076
Reg. SP,fixo,2026-07-27,2025-07-28,03. Grupos Realizados,136.0,203.0
Reg. SP,fixo,2026-07-27,2025-07-28,04. Pax Total,185.0,253.0
Reg. SP,fixo,2026-07-27,2025-07-28,05. ASK,3260027.0,4132417.0
Reg. SP,fixo,2026-07-27,2025-07-28,06. RPK,95467.0,128772.0
Reg. SP,fixo,2026-07-27,2025-07-28,07. Load Factor,0.02928411329108624,0.03116142441578379
Reg. SP,fixo,2026-07-27,2025-07-28,08. Ticket Médio,100.72659459459459,100.78660079051384
Reg. SP,fixo,2026-07-27,2025-07-28,09. GMV,19170.5,25634.7
Reg. SP,fixo,2026-07-28,2025-07-29,01. RASK,0.0065228811551239965,0.0036271138304649294
Reg. SP,fixo,2026-07-28,2025-07-29,02. Yield,0.16651195034992736,0.17827559805356108
Reg. SP,fixo,2026-07-28,2025-07-29,03. Grupos Realizados,79.0,141.0
Reg. SP,fixo,2026-07-28,2025-07-29,04. Pax Total,118.0,105.0
Reg. SP,fixo,2026-07-28,2025-07-29,05. ASK,1983510.0,3042226.0
Reg. SP,fixo,2026-07-28,2025-07-29,06. RPK,75730.0,58774.0
Reg. SP,fixo,2026-07-28,2025-07-29,07. Load Factor,0.03817979238824105,0.019319406250554692
Reg. SP,fixo,2026-07-28,2025-07-29,08. Ticket Médio,106.86398305084747,99.79019047619047
Reg. SP,fixo,2026-07-28,2025-07-29,09. GMV,12938.2,11034.5
Reg. SP,fixo,2026-07-29,2025-07-30,01. RASK,0.005536900049872062,0.002840101609758842
Reg. SP,fixo,2026-07-29,2025-07-30,02. Yield,0.1741386628935267,0.19653815605881725
Reg. SP,fixo,2026-07-29,2025-07-30,03. Grupos Realizados,86.0,150.0
Reg. SP,fixo,2026-07-29,2025-07-30,04. Pax Total,119.0,83.0
Reg. SP,fixo,2026-07-29,2025-07-30,05. ASK,2179577.0,3270552.0
Reg. SP,fixo,2026-07-29,2025-07-30,06. RPK,65021.0,46585.0
Reg. SP,fixo,2026-07-29,2025-07-30,07. Load Factor,0.029831935279184905,0.014243772916620804
Reg. SP,fixo,2026-07-29,2025-07-30,08. Ticket Médio,95.14848739495797,110.31000000000002
Reg. SP,fixo,2026-07-29,2025-07-30,09. GMV,12068.1,9288.7
Reg. SP,fixo,2026-07-30,2025-07-31,01. RASK,0.004880858143504505,0.004687051768166066
Reg. SP,fixo,2026-07-30,2025-07-31,02. Yield,0.15448024179711217,0.18798826168387126
Reg. SP,fixo,2026-07-30,2025-07-31,03. Grupos Realizados,109.0,193.0
Reg. SP,fixo,2026-07-30,2025-07-31,04. Pax Total,138.0,179.0
Reg. SP,fixo,2026-07-30,2025-07-31,05. ASK,2545495.0,3973948.0
Reg. SP,fixo,2026-07-30,2025-07-31,06. RPK,75766.0,91836.0
Reg. SP,fixo,2026-07-30,2025-07-31,07. Load Factor,0.02976474123893388,0.02310951225330578
Reg. SP,fixo,2026-07-30,2025-07-31,08. Ticket Médio,84.81413043478263,96.44743016759777
Reg. SP,fixo,2026-07-30,2025-07-31,09. GMV,12424.2,18626.1
Reg. SP,fixo,2026-07-31,2025-08-01,01. RASK,0.005148879847650721,0.006153976587487469
Reg. SP,fixo,2026-07-31,2025-08-01,02. Yield,0.17586811469985134,0.19267756447250403
Reg. SP,fixo,2026-07-31,2025-08-01,03. Grupos Realizados,144.0,235.0
Reg. SP,fixo,2026-07-31,2025-08-01,04. Pax Total,188.0,296.0
Reg. SP,fixo,2026-07-31,2025-08-01,05. ASK,3271430.0,4717990.0
Reg. SP,fixo,2026-07-31,2025-08-01,06. RPK,92171.0,143821.0
Reg. SP,fixo,2026-07-31,2025-08-01,07. Load Factor,0.028174529181428307,0.030483532182136886
Reg. SP,fixo,2026-07-31,2025-08-01,08. Ticket Médio,86.22308510638298,93.61851351351352
Reg. SP,fixo,2026-07-31,2025-08-01,09. GMV,16844.2,29034.400000000005
Reg. SP,fixo,2026-08-01,2025-08-02,01. RASK,0.006753213003834403,0.004456924304406234
Reg. SP,fixo,2026-08-01,2025-08-02,02. Yield,0.1638627471303086,0.19687366273573167
Reg. SP,fixo,2026-08-01,2025-08-02,03. Grupos Realizados,89.0,188.0
Reg. SP,fixo,2026-08-01,2025-08-02,04. Pax Total,145.0,175.0
Reg. SP,fixo,2026-08-01,2025-08-02,05. ASK,1900947.0,3625931.0
Reg. SP,fixo,2026-08-01,2025-08-02,06. RPK,77186.0,80388.0
Reg. SP,fixo,2026-08-01,2025-08-02,07. Load Factor,0.040603972651525794,0.02217030605381073
Reg. SP,fixo,2026-08-01,2025-08-02,08. Ticket Médio,87.22696551724138,90.43588571428572
Reg. SP,fixo,2026-08-01,2025-08-02,09. GMV,12837.5,16160.5
Reg. SP,fixo,2026-08-02,2025-08-03,01. RASK,0.006761851894034169,0.006799734477795376
Reg. SP,fixo,2026-08-02,2025-08-03,02. Yield,0.20104315618780866,0.21921335151170518
Reg. SP,fixo,2026-08-02,2025-08-03,03. Grupos Realizados,147.0,245.0
Reg. SP,fixo,2026-08-02,2025-08-03,04. Pax Total,228.0,318.0
Reg. SP,fixo,2026-08-02,2025-08-03,05. ASK,3345267.0,4868896.0
Reg. SP,fixo,2026-08-02,2025-08-03,06. RPK,108536.0,145961.0
Reg. SP,fixo,2026-08-02,2025-08-03,07. Load Factor,0.03244464492669793,0.029978253797164695
Reg. SP,fixo,2026-08-02,2025-08-03,08. Ticket Médio,95.70359649122808,100.61823899371068
Reg. SP,fixo,2026-08-02,2025-08-03,09. GMV,22620.199999999997,33107.2
